b'Day;Time;Crossroad;Sensor;Interval;Load;Count\r
10.06.2019;02:59;A  1;1;1;0;0\r
10.06.2019;02:59;A  1;2;1;0;0\r
10.06.2019;02:59;A  1;3;1;1;1\r
10.06.2019;02:59;A  1;4;1;2;1\r
10.06.2019;02:59;A  1;5;1;2;1\r
10.06.2019;02:59;A  1;6;1;0;0\r
10.06.2019;02:59;A  1;7;1;13;0\r
10.06.2019;02:59;A  1;8;1;0;0\r
10.06.2019;02:59;A  1;9;1;0;0\r
10.06.2019;02:59;A  1;10;1;2;1\r
10.06.2019;02:59;A  1;11;1;4;3\r
10.06.2019;02:59;A  1;12;1;0;0\r
10.06.2019;02:59;A  1;13;1;0;0\r
10.06.2019;02:59;A  1;14;1;0;0\r
10.06.2019;02:59;A  1;15;1;0;0\r
10.06.2019;02:59;A  1;16;1;0;0\r
10.06.2019;02:59;A  1;17;1;0;0\r
10.06.2019;02:59;A  1;18;1;0;0\r
10.06.2019;02:59;A  1;19;1;0;0\r
10.06.2019;02:59;A  1;20;1;0;0\r
10.06.2019;02:59;A  1;21;1;0;0\r
10.06.2019;02:59;A  1;22;1;0;0\r
10.06.2019;02:59;A  1;23;1;0;0\r
10.06.2019;02:59;A  1;24;1;0;0\r
10.06.2019;02:59;A  1;25;1;0;0\r
10.06.2019;02:59;A  2;1;1;0;0\r
10.06.2019;02:59;A  2;2;1;0;0\r
10.06.2019;02:59;A  2;3;1;0;0\r
10.06.2019;02:59;A  2;4;1;0;0\r
10.06.2019;02:59;A  2;5;1;0;0\r
10.06.2019;02:59;A  2;6;1;0;0\r
10.06.2019;02:59;A  2;7;1;0;0\r
10.06.2019;02:59;A  2;8;1;3;1\r
10.06.2019;02:59;A  2;9;1;1;1\r
10.06.2019;02:59;A  2;10;1;1;1\r
10.06.2019;02:59;A  2;11;1;1;2\r
10.06.2019;02:59;A  2;12;1;0;1\r
10.06.2019;02:59;A  2;13;1;0;0\r
10.06.2019;02:59;A  2;14;1;0;0\r
10.06.2019;02:59;A  2;15;1;0;0\r
10.06.2019;02:59;A  2;16;1;0;0\r
10.06.2019;02:59;A  2;17;1;0;0\r
10.06.2019;02:59;A  2;18;1;0;0\r
10.06.2019;02:59;A  2;19;1;0;0\r
10.06.2019;02:59;A  2;20;1;0;0\r
10.06.2019;02:59;A  2;21;1;0;0\r
10.06.2019;02:59;A  2;22;1;0;0\r
10.06.2019;02:59;A  2;23;1;0;0\r
10.06.2019;02:59;A  2;24;1;0;0\r
10.06.2019;02:59;A  2;25;1;0;0\r
10.06.2019;02:59;A  2;26;1;0;0\r
10.06.2019;02:59;A  3;1;1;0;0\r
10.06.2019;02:59;A  3;2;1;0;0\r
10.06.2019;02:59;A  3;3;1;0;0\r
10.06.2019;02:59;A  3;4;1;0;0\r
10.06.2019;02:59;A  3;5;1;0;0\r
10.06.2019;02:59;A  3;6;1;0;0\r
10.06.2019;02:59;A  3;7;1;0;0\r
10.06.2019;02:59;A  3;8;1;0;0\r
10.06.2019;02:59;A  3;9;1;0;0\r
10.06.2019;02:59;A  3;10;1;0;0\r
10.06.2019;02:59;A  3;11;1;1;1\r
10.06.2019;02:59;A  3;12;1;0;0\r
10.06.2019;02:59;A  3;13;1;0;0\r
10.06.2019;02:59;A  3;14;1;0;0\r
10.06.2019;02:59;A  3;15;1;0;0\r
10.06.2019;02:59;A  3;16;1;0;0\r
10.06.2019;02:59;A  3;17;1;0;0\r
10.06.2019;02:59;A  3;18;1;0;0\r
10.06.2019;02:59;A  3;19;1;0;0\r
10.06.2019;02:59;A  3;20;1;0;0\r
10.06.2019;02:59;A  3;21;1;0;0\r
10.06.2019;02:59;A  3;22;1;0;0\r
10.06.2019;02:59;A  3;23;1;0;0\r
10.06.2019;02:59;A  3;24;1;0;0\r
10.06.2019;02:59;A  3;25;1;0;0\r
10.06.2019;02:59;A  3;26;1;0;0\r
10.06.2019;02:59;A  3;27;1;0;0\r
10.06.2019;02:59;A  3;28;1;0;0\r
10.06.2019;02:59;A  3;29;1;0;0\r
10.06.2019;02:59;A  3;30;1;0;0\r
10.06.2019;02:59;A  3;31;1;0;0\r
10.06.2019;02:59;A  4;1;1;0;0\r
10.06.2019;02:59;A  4;2;1;0;1\r
10.06.2019;02:59;A  4;3;1;25;1\r
10.06.2019;02:59;A  4;4;1;0;1\r
10.06.2019;02:59;A  4;5;1;1;1\r
10.06.2019;02:59;A  4;6;1;6;1\r
10.06.2019;02:59;A  4;7;1;14;2\r
10.06.2019;02:59;A  4;8;1;0;0\r
10.06.2019;02:59;A  4;9;1;0;0\r
10.06.2019;02:59;A  4;10;1;7;1\r
10.06.2019;02:59;A  4;11;1;0;0\r
10.06.2019;02:59;A  4;12;1;0;0\r
10.06.2019;02:59;A  4;13;1;0;0\r
10.06.2019;02:59;A  4;14;1;0;0\r
10.06.2019;02:59;A  4;15;1;0;0\r
10.06.2019;02:59;A  4;16;1;0;0\r
10.06.2019;02:59;A  4;17;1;0;0\r
10.06.2019;02:59;A  4;18;1;0;0\r
10.06.2019;02:59;A  4;19;1;0;0\r
10.06.2019;02:59;A  4;20;1;0;0\r
10.06.2019;02:59;A  4;21;1;0;0\r
10.06.2019;02:59;A  4;22;1;0;0\r
10.06.2019;02:59;A  4;23;1;0;0\r
10.06.2019;02:59;A  4;24;1;0;0\r
10.06.2019;02:59;A  4;25;1;0;0\r
10.06.2019;02:59;A  4;26;1;3;1\r
10.06.2019;02:59;A  4;27;1;2;1\r
10.06.2019;02:59;A  4;28;1;0;0\r
10.06.2019;02:59;A  4;29;1;1;1\r
10.06.2019;02:59;A  4;30;1;0;0\r
10.06.2019;02:59;A  4;32;1;6;2\r
10.06.2019;02:59;A  4;33;1;6;2\r
10.06.2019;02:59;A  4;34;1;0;0\r
10.06.2019;02:59;A  4;35;1;0;0\r
10.06.2019;02:59;A  4;36;1;0;0\r
10.06.2019;02:59;A  4;37;1;0;0\r
10.06.2019;02:59;A  4;38;1;0;0\r
10.06.2019;02:59;A  4;39;1;0;0\r
10.06.2019;02:59;A  4;40;1;0;0\r
10.06.2019;02:59;A  4;41;1;0;0\r
10.06.2019;02:59;A  4;42;1;0;0\r
10.06.2019;02:59;A  4;43;1;0;0\r
10.06.2019;02:59;A  4;44;1;0;0\r
10.06.2019;02:59;A  5;1;1;0;0\r
10.06.2019;02:59;A  5;2;1;0;0\r
10.06.2019;02:59;A  5;3;1;5;1\r
10.06.2019;02:59;A  5;4;1;100;0\r
10.06.2019;02:59;A  5;5;1;100;0\r
10.06.2019;02:59;A  5;6;1;0;0\r
10.06.2019;02:59;A  5;7;1;2;1\r
10.06.2019;02:59;A  5;8;1;0;0\r
10.06.2019;02:59;A  5;9;1;2;1\r
10.06.2019;02:59;A  5;11;1;0;0\r
10.06.2019;02:59;A  5;12;1;0;0\r
10.06.2019;02:59;A  5;14;1;0;0\r
10.06.2019;02:59;A  5;28;1;0;0\r
10.06.2019;02:59;A  5;29;1;0;0\r
10.06.2019;02:59;A  5;30;1;0;0\r
10.06.2019;02:59;A  5;31;1;0;0\r
10.06.2019;02:59;A  5;32;1;0;0\r
10.06.2019;02:59;A  6;1;1;0;0\r
10.06.2019;02:59;A  6;2;1;0;1\r
10.06.2019;02:59;A  6;3;1;0;0\r
10.06.2019;02:59;A  6;4;1;1;1\r
10.06.2019;02:59;A  6;5;1;0;0\r
10.06.2019;02:59;A  6;6;1;0;0\r
10.06.2019;02:59;A  6;7;1;0;0\r
10.06.2019;02:59;A  6;8;1;0;0\r
10.06.2019;02:59;A  6;9;1;0;1\r
10.06.2019;02:59;A  6;10;1;1;1\r
10.06.2019;02:59;A  6;11;1;0;0\r
10.06.2019;02:59;A  6;12;1;0;0\r
10.06.2019;02:59;A  6;13;1;0;0\r
10.06.2019;02:59;A  6;14;1;0;0\r
10.06.2019;02:59;A  6;15;1;0;0\r
10.06.2019;02:59;A  6;16;1;0;0\r
10.06.2019;02:59;A  6;17;1;1;1\r
10.06.2019;02:59;A  6;18;1;1;1\r
10.06.2019;02:59;A  6;19;1;0;0\r
10.06.2019;02:59;A  6;20;1;0;0\r
10.06.2019;02:59;A  6;21;1;1;1\r
10.06.2019;02:59;A  6;22;1;1;1\r
10.06.2019;02:59;A  6;23;1;1;1\r
10.06.2019;02:59;A  6;24;1;1;1\r
10.06.2019;02:59;A  7;1;1;0;0\r
10.06.2019;02:59;A  7;2;1;0;0\r
10.06.2019;02:59;A  7;3;1;0;0\r
10.06.2019;02:59;A  7;4;1;0;0\r
10.06.2019;02:59;A  7;5;1;0;0\r
10.06.2019;02:59;A  7;6;1;0;0\r
10.06.2019;02:59;A  7;7;1;0;0\r
10.06.2019;02:59;A  7;8;1;0;0\r
10.06.2019;02:59;A  7;9;1;0;0\r
10.06.2019;02:59;A  7;10;1;0;0\r
10.06.2019;02:59;A  7;11;1;0;0\r
10.06.2019;02:59;A  7;12;1;0;0\r
10.06.2019;02:59;A  7;13;1;0;0\r
10.06.2019;02:59;A  7;14;1;0;0\r
10.06.2019;02:59;A  7;15;1;0;0\r
10.06.2019;02:59;A  8;1;1;1;1\r
10.06.2019;02:59;A  8;2;1;0;0\r
10.06.2019;02:59;A  8;3;1;0;0\r
10.06.2019;02:59;A  8;4;1;17;0\r
10.06.2019;02:59;A  8;5;1;0;0\r
10.06.2019;02:59;A  8;6;1;0;0\r
10.06.2019;02:59;A  8;7;1;0;0\r
10.06.2019;02:59;A  8;8;1;0;1\r
10.06.2019;02:59;A  8;9;1;26;2\r
10.06.2019;02:59;A  8;10;1;2;1\r
10.06.2019;02:59;A  8;11;1;47;1\r
10.06.2019;02:59;A  8;12;1;31;0\r
10.06.2019;02:59;A  8;13;1;0;0\r
10.06.2019;02:59;A  8;14;1;0;0\r
10.06.2019;02:59;A  8;15;1;0;0\r
10.06.2019;02:59;A  8;16;1;0;0\r
10.06.2019;02:59;A  8;17;1;0;0\r
10.06.2019;02:59;A  8;18;1;0;0\r
10.06.2019;02:59;A  8;19;1;0;0\r
10.06.2019;02:59;A  8;20;1;0;0\r
10.06.2019;02:59;A  8;21;1;0;0\r
10.06.2019;02:59;A  9;1;1;100;0\r
10.06.2019;02:59;A  9;2;1;0;0\r
10.06.2019;02:59;A  9;3;1;0;0\r
10.06.2019;02:59;A  9;4;1;0;0\r
10.06.2019;02:59;A  9;5;1;0;0\r
10.06.2019;02:59;A  9;6;1;0;0\r
10.06.2019;02:59;A  9;7;1;0;0\r
10.06.2019;02:59;A  9;8;1;0;0\r
10.06.2019;02:59;A  9;9;1;0;0\r
10.06.2019;02:59;A  9;10;1;0;0\r
10.06.2019;02:59;A  9;11;1;0;0\r
10.06.2019;02:59;A  9;12;1;0;0\r
10.06.2019;02:59;A  9;13;1;0;0\r
10.06.2019;02:59;A  9;14;1;0;0\r
10.06.2019;02:59;A  9;15;1;0;0\r
10.06.2019;02:59;A  9;16;1;0;0\r
10.06.2019;02:59;A  9;17;1;0;0\r
10.06.2019;02:59;A 10;1;1;0;0\r
10.06.2019;02:59;A 10;2;1;0;0\r
10.06.2019;02:59;A 10;3;1;0;0\r
10.06.2019;02:59;A 10;4;1;0;0\r
10.06.2019;02:59;A 10;5;1;0;0\r
10.06.2019;02:59;A 10;6;1;0;0\r
10.06.2019;02:59;A 10;7;1;0;0\r
10.06.2019;02:59;A 10;8;1;1;1\r
10.06.2019;02:59;A 10;9;1;0;0\r
10.06.2019;02:59;A 10;10;1;61;1\r
10.06.2019;02:59;A 10;11;1;0;0\r
10.06.2019;02:59;A 10;12;1;0;0\r
10.06.2019;02:59;A 10;13;1;0;0\r
10.06.2019;02:59;A 10;14;1;0;0\r
10.06.2019;02:59;A 11;1;1;0;0\r
10.06.2019;02:59;A 11;2;1;2;2\r
10.06.2019;02:59;A 11;3;1;0;0\r
10.06.2019;02:59;A 11;4;1;1;1\r
10.06.2019;02:59;A 11;5;1;0;0\r
10.06.2019;02:59;A 11;6;1;0;0\r
10.06.2019;02:59;A 11;7;1;0;0\r
10.06.2019;02:59;A 11;8;1;19;1\r
10.06.2019;02:59;A 11;9;1;0;0\r
10.06.2019;02:59;A 11;10;1;0;0\r
10.06.2019;02:59;A 11;11;1;0;0\r
10.06.2019;02:59;A 11;12;1;10;2\r
10.06.2019;02:59;A 11;13;1;0;0\r
10.06.2019;02:59;A 11;14;1;0;0\r
10.06.2019;02:59;A 11;15;1;0;0\r
10.06.2019;02:59;A 11;16;1;0;0\r
10.06.2019;02:59;A 12;1;1;0;0\r
10.06.2019;02:59;A 12;2;1;0;0\r
10.06.2019;02:59;A 12;3;1;0;0\r
10.06.2019;02:59;A 12;4;1;0;0\r
10.06.2019;02:59;A 12;5;1;0;0\r
10.06.2019;02:59;A 12;6;1;0;0\r
10.06.2019;02:59;A 12;7;1;0;0\r
10.06.2019;02:59;A 12;8;1;0;0\r
10.06.2019;02:59;A 12;9;1;0;0\r
10.06.2019;02:59;A 12;10;1;0;0\r
10.06.2019;02:59;A 12;11;1;0;0\r
10.06.2019;02:59;A 12;12;1;0;0\r
10.06.2019;02:59;A 12;13;1;0;0\r
10.06.2019;02:59;A 12;14;1;0;0\r
10.06.2019;02:59;A 12;15;1;0;0\r
10.06.2019;02:59;A 12;16;1;0;0\r
10.06.2019;02:59;A 12;17;1;0;0\r
10.06.2019;02:59;A 12;18;1;0;0\r
10.06.2019;02:59;A 12;19;1;0;0\r
10.06.2019;02:59;A 12;20;1;0;0\r
10.06.2019;02:59;A 12;21;1;0;0\r
10.06.2019;02:59;A 12;22;1;0;0\r
10.06.2019;02:59;A 13;1;1;0;0\r
10.06.2019;02:59;A 13;2;1;0;0\r
10.06.2019;02:59;A 13;3;1;0;0\r
10.06.2019;02:59;A 13;4;1;1;1\r
10.06.2019;02:59;A 13;5;1;0;0\r
10.06.2019;02:59;A 13;6;1;0;0\r
10.06.2019;02:59;A 13;7;1;0;0\r
10.06.2019;02:59;A 13;8;1;0;0\r
10.06.2019;02:59;A 13;9;1;0;0\r
10.06.2019;02:59;A 13;10;1;0;0\r
10.06.2019;02:59;A 13;11;1;0;0\r
10.06.2019;02:59;A 13;12;1;0;0\r
10.06.2019;02:59;A 13;13;1;0;0\r
10.06.2019;02:59;A 13;14;1;3;1\r
10.06.2019;02:59;A 13;15;1;3;1\r
10.06.2019;02:59;A 13;16;1;0;0\r
10.06.2019;02:59;A 13;17;1;0;0\r
10.06.2019;02:59;A 13;18;1;0;0\r
10.06.2019;02:59;A 13;19;1;0;0\r
10.06.2019;02:59;A 13;20;1;0;0\r
10.06.2019;02:59;A 13;21;1;0;0\r
10.06.2019;02:59;A 13;22;1;0;0\r
10.06.2019;02:59;A 13;23;1;0;0\r
10.06.2019;02:59;A 13;24;1;0;0\r
10.06.2019;02:59;A 13;25;1;0;0\r
10.06.2019;02:59;A 13;26;1;0;0\r
10.06.2019;02:59;A 13;27;1;0;0\r
10.06.2019;02:59;A 13;28;1;0;0\r
10.06.2019;02:59;A 13;29;1;0;0\r
10.06.2019;02:59;A 13;30;1;0;0\r
10.06.2019;02:59;A 13;31;1;0;0\r
10.06.2019;02:59;A 13;32;1;0;0\r
10.06.2019;02:59;A 15;1;1;60;1\r
10.06.2019;02:59;A 15;2;1;0;0\r
10.06.2019;02:59;A 15;3;1;0;0\r
10.06.2019;02:59;A 15;4;1;9;1\r
10.06.2019;02:59;A 15;5;1;0;0\r
10.06.2019;02:59;A 15;6;1;0;0\r
10.06.2019;02:59;A 15;7;1;0;0\r
10.06.2019;02:59;A 15;8;1;0;0\r
10.06.2019;02:59;A 15;9;1;0;0\r
10.06.2019;02:59;A 15;10;1;0;0\r
10.06.2019;02:59;A 15;11;1;0;0\r
10.06.2019;02:59;A 15;12;1;0;0\r
10.06.2019;02:59;A 15;13;1;0;0\r
10.06.2019;02:59;A 15;14;1;0;0\r
10.06.2019;02:59;A 15;15;1;0;0\r
10.06.2019;02:59;A 15;16;1;0;0\r
10.06.2019;02:59;A 15;17;1;0;0\r
10.06.2019;02:59;A 15;18;1;0;0\r
10.06.2019;02:59;A 15;19;1;0;0\r
10.06.2019;02:59;A 15;20;1;0;0\r
10.06.2019;02:59;A 15;21;1;0;0\r
10.06.2019;02:59;A 15;22;1;0;0\r
10.06.2019;02:59;A 15;23;1;0;0\r
10.06.2019;02:59;A 15;24;1;0;0\r
10.06.2019;02:59;A 15;25;1;0;0\r
10.06.2019;02:59;A 15;26;1;0;0\r
10.06.2019;02:59;A 15;27;1;0;0\r
10.06.2019;02:59;A 15;28;1;0;0\r
10.06.2019;02:59;A 15;29;1;0;0\r
10.06.2019;02:59;A 15;30;1;0;0\r
10.06.2019;02:59;A 15;31;1;0;0\r
10.06.2019;02:59;A 15;32;1;0;0\r
10.06.2019;02:59;A 15;33;1;0;0\r
10.06.2019;02:59;A 15;34;1;0;0\r
10.06.2019;02:59;A 15;35;1;0;0\r
10.06.2019;02:59;A 15;36;1;0;0\r
10.06.2019;02:59;A 15;37;1;0;0\r
10.06.2019;02:59;A 15;38;1;0;0\r
10.06.2019;02:59;A 15;39;1;0;0\r
10.06.2019;02:59;A 15;40;1;0;0\r
10.06.2019;02:59;A 15;41;1;0;0\r
10.06.2019;02:59;A 15;42;1;0;0\r
10.06.2019;02:59;A 15;43;1;0;0\r
10.06.2019;02:59;A 15;44;1;0;0\r
10.06.2019;02:59;A 15;45;1;0;0\r
10.06.2019;02:59;A 15;46;1;0;0\r
10.06.2019;02:59;A 15;47;1;0;0\r
10.06.2019;02:59;A 15;48;1;0;0\r
10.06.2019;02:59;A 15;49;1;0;0\r
10.06.2019;02:59;A 15;61;1;0;0\r
10.06.2019;02:59;A 15;62;1;0;0\r
10.06.2019;02:59;A 15;63;1;0;0\r
10.06.2019;02:59;A 15;64;1;0;0\r
10.06.2019;02:59;A 16;1;1;0;0\r
10.06.2019;02:59;A 16;2;1;14;2\r
10.06.2019;02:59;A 16;3;1;0;0\r
10.06.2019;02:59;A 16;4;1;4;2\r
10.06.2019;02:59;A 16;5;1;0;0\r
10.06.2019;02:59;A 16;6;1;0;0\r
10.06.2019;02:59;A 16;7;1;0;0\r
10.06.2019;02:59;A 16;8;1;0;0\r
10.06.2019;02:59;A 16;9;1;0;0\r
10.06.2019;02:59;A 16;10;1;100;0\r
10.06.2019;02:59;A 16;11;1;100;0\r
10.06.2019;02:59;A 16;12;1;100;0\r
10.06.2019;02:59;A 17;1;1;0;0\r
10.06.2019;02:59;A 17;2;1;0;0\r
10.06.2019;02:59;A 17;3;1;0;0\r
10.06.2019;02:59;A 17;4;1;0;0\r
10.06.2019;02:59;A 17;5;1;0;0\r
10.06.2019;02:59;A 17;6;1;0;0\r
10.06.2019;02:59;A 17;7;1;0;0\r
10.06.2019;02:59;A 17;8;1;0;0\r
10.06.2019;02:59;A 17;9;1;0;0\r
10.06.2019;02:59;A 17;10;1;0;0\r
10.06.2019;02:59;A 17;11;1;0;0\r
10.06.2019;02:59;A 17;12;1;0;0\r
10.06.2019;02:59;A 17;13;1;0;0\r
10.06.2019;02:59;A 17;14;1;0;0\r
10.06.2019;02:59;A 17;15;1;0;0\r
10.06.2019;02:59;A 17;16;1;0;0\r
10.06.2019;02:59;A 17;17;1;0;0\r
10.06.2019;02:59;A 17;18;1;0;0\r
10.06.2019;02:59;A 17;19;1;100;0\r
10.06.2019;02:59;A 17;20;1;0;0\r
10.06.2019;02:59;A 17;21;1;0;0\r
10.06.2019;02:59;A 17;22;1;0;0\r
10.06.2019;02:59;A 19;1;1;0;0\r
10.06.2019;02:59;A 19;2;1;0;0\r
10.06.2019;02:59;A 19;3;1;0;0\r
10.06.2019;02:59;A 19;4;1;0;0\r
10.06.2019;02:59;A 19;5;1;0;0\r
10.06.2019;02:59;A 19;6;1;0;0\r
10.06.2019;02:59;A 19;7;1;0;0\r
10.06.2019;02:59;A 20;1;1;0;0\r
10.06.2019;02:59;A 20;2;1;0;0\r
10.06.2019;02:59;A 20;3;1;0;0\r
10.06.2019;02:59;A 20;4;1;0;0\r
10.06.2019;02:59;A 20;5;1;0;0\r
10.06.2019;02:59;A 20;6;1;0;0\r
10.06.2019;02:59;A 20;7;1;0;0\r
10.06.2019;02:59;A 20;8;1;0;0\r
10.06.2019;02:59;A 20;9;1;0;0\r
10.06.2019;02:59;A 20;10;1;0;0\r
10.06.2019;02:59;A 20;11;1;0;0\r
10.06.2019;02:59;A 20;12;1;0;0\r
10.06.2019;02:59;A 20;13;1;0;0\r
10.06.2019;02:59;A 20;14;1;0;0\r
10.06.2019;02:59;A 20;15;1;0;0\r
10.06.2019;02:59;A 20;16;1;3;1\r
10.06.2019;02:59;A 20;17;1;0;0\r
10.06.2019;02:59;A 20;18;1;0;0\r
10.06.2019;02:59;A 20;19;1;0;0\r
10.06.2019;02:59;A 20;20;1;0;0\r
10.06.2019;02:59;A 20;21;1;0;0\r
10.06.2019;02:59;A 20;22;1;0;0\r
10.06.2019;02:59;A 20;23;1;0;0\r
10.06.2019;02:59;A 20;24;1;0;0\r
10.06.2019;02:59;A 20;25;1;0;0\r
10.06.2019;02:59;A 20;26;1;0;0\r
10.06.2019;02:59;A 20;27;1;0;0\r
10.06.2019;02:59;A 20;28;1;0;0\r
10.06.2019;02:59;A 20;29;1;0;0\r
10.06.2019;02:59;A 20;30;1;0;0\r
10.06.2019;02:59;A 20;31;1;11;1\r
10.06.2019;02:59;A 20;32;1;0;0\r
10.06.2019;02:59;A 20;33;1;0;0\r
10.06.2019;02:59;A 20;34;1;0;0\r
10.06.2019;02:59;A 20;35;1;0;0\r
10.06.2019;02:59;A 20;36;1;0;0\r
10.06.2019;02:59;A 20;37;1;0;0\r
10.06.2019;02:59;A 20;38;1;0;0\r
10.06.2019;02:59;A 20;39;1;0;0\r
10.06.2019;02:59;A 20;40;1;0;0\r
10.06.2019;02:59;A 20;41;1;0;0\r
10.06.2019;02:59;A 20;42;1;0;0\r
10.06.2019;02:59;A 20;43;1;0;0\r
10.06.2019;02:59;A 20;44;1;0;0\r
10.06.2019;02:59;A 20;45;1;0;0\r
10.06.2019;02:59;A 20;46;1;0;0\r
10.06.2019;02:59;A 20;47;1;0;0\r
10.06.2019;02:59;A 21;1;1;0;0\r
10.06.2019;02:59;A 21;2;1;0;0\r
10.06.2019;02:59;A 21;3;1;0;0\r
10.06.2019;02:59;A 21;4;1;0;0\r
10.06.2019;02:59;A 21;5;1;100;0\r
10.06.2019;02:59;A 21;6;1;100;0\r
10.06.2019;02:59;A 21;7;1;0;0\r
10.06.2019;02:59;A 21;8;1;0;0\r
10.06.2019;02:59;A 21;9;1;0;0\r
10.06.2019;02:59;A 21;10;1;41;1\r
10.06.2019;02:59;A 21;11;1;0;0\r
10.06.2019;02:59;A 21;12;1;0;0\r
10.06.2019;02:59;A 21;13;1;0;0\r
10.06.2019;02:59;A 21;14;1;7;1\r
10.06.2019;02:59;A 21;15;1;0;0\r
10.06.2019;02:59;A 21;16;1;0;0\r
10.06.2019;02:59;A 21;17;1;0;0\r
10.06.2019;02:59;A 21;18;1;0;0\r
10.06.2019;02:59;A 21;19;1;0;0\r
10.06.2019;02:59;A 21;20;1;0;0\r
10.06.2019;02:59;A 21;21;1;0;0\r
10.06.2019;02:59;A 21;22;1;0;0\r
10.06.2019;02:59;A 21;23;1;0;0\r
10.06.2019;02:59;A 21;24;1;0;0\r
10.06.2019;02:59;A 21;25;1;0;0\r
10.06.2019;02:59;A 21;26;1;0;0\r
10.06.2019;02:59;A 21;27;1;0;0\r
10.06.2019;02:59;A 21;28;1;0;0\r
10.06.2019;02:59;A 21;29;1;0;0\r
10.06.2019;02:59;A 21;30;1;0;0\r
10.06.2019;02:59;A 21;31;1;0;0\r
10.06.2019;02:59;A 21;32;1;0;0\r
10.06.2019;02:59;A 21;33;1;0;0\r
10.06.2019;02:59;A 21;34;1;0;0\r
10.06.2019;02:59;A 21;35;1;0;0\r
10.06.2019;02:59;A 22;1;1;8;3\r
10.06.2019;02:59;A 22;2;1;2;1\r
10.06.2019;02:59;A 22;3;1;0;0\r
10.06.2019;02:59;A 22;4;1;0;0\r
10.06.2019;02:59;A 22;5;1;0;0\r
10.06.2019;02:59;A 22;6;1;0;0\r
10.06.2019;02:59;A 22;7;1;0;0\r
10.06.2019;02:59;A 22;8;1;0;0\r
10.06.2019;02:59;A 22;9;1;0;0\r
10.06.2019;02:59;A 22;10;1;0;0\r
10.06.2019;02:59;A 22;11;1;0;0\r
10.06.2019;02:59;A 22;12;1;0;0\r
10.06.2019;02:59;A 22;13;1;0;0\r
10.06.2019;02:59;A 22;14;1;0;0\r
10.06.2019;02:59;A 22;15;1;0;0\r
10.06.2019;02:59;A 22;16;1;0;0\r
10.06.2019;02:59;A 22;17;1;0;0\r
10.06.2019;02:59;A 22;18;1;0;0\r
10.06.2019;02:59;A 22;19;1;0;0\r
10.06.2019;02:59;A 22;20;1;0;0\r
10.06.2019;02:59;A 22;21;1;0;0\r
10.06.2019;02:59;A 22;22;1;0;0\r
10.06.2019;02:59;A 22;23;1;0;0\r
10.06.2019;02:59;A 22;24;1;0;0\r
10.06.2019;02:59;A 22;25;1;0;0\r
10.06.2019;02:59;A 22;26;1;0;0\r
10.06.2019;02:59;A 22;27;1;0;0\r
10.06.2019;02:59;A 22;28;1;0;0\r
10.06.2019;02:59;A 22;29;1;14;1\r
10.06.2019;02:59;A 22;30;1;10;1\r
10.06.2019;02:59;A 22;31;1;1;2\r
10.06.2019;02:59;A 22;32;1;0;1\r
10.06.2019;02:59;A 22;33;1;0;0\r
10.06.2019;02:59;A 22;34;1;0;0\r
10.06.2019;02:59;A 22;35;1;0;0\r
10.06.2019;02:59;A 22;36;1;0;0\r
10.06.2019;02:59;A 22;37;1;0;0\r
10.06.2019;02:59;A 22;38;1;0;0\r
10.06.2019;02:59;A 22;39;1;0;0\r
10.06.2019;02:59;A 23;1;1;0;0\r
10.06.2019;02:59;A 23;2;1;0;0\r
10.06.2019;02:59;A 23;3;1;0;0\r
10.06.2019;02:59;A 23;4;1;100;0\r
10.06.2019;02:59;A 23;5;1;0;0\r
10.06.2019;02:59;A 23;6;1;0;0\r
10.06.2019;02:59;A 23;7;1;0;0\r
10.06.2019;02:59;A 23;8;1;0;0\r
10.06.2019;02:59;A 23;9;1;0;0\r
10.06.2019;02:59;A 23;10;1;0;0\r
10.06.2019;02:59;A 23;11;1;0;0\r
10.06.2019;02:59;A 23;12;1;0;0\r
10.06.2019;02:59;A 23;13;1;0;0\r
10.06.2019;02:59;A 23;14;1;0;0\r
10.06.2019;02:59;A 23;15;1;0;0\r
10.06.2019;02:59;A 23;16;1;0;0\r
10.06.2019;02:59;A 23;17;1;0;0\r
10.06.2019;02:59;A 23;18;1;0;0\r
10.06.2019;02:59;A 23;19;1;0;0\r
10.06.2019;02:59;A 23;20;1;0;0\r
10.06.2019;02:59;A 23;21;1;0;0\r
10.06.2019;02:59;A 23;22;1;0;0\r
10.06.2019;02:59;A 23;23;1;0;0\r
10.06.2019;02:59;A 24;1;1;0;0\r
10.06.2019;02:59;A 24;2;1;0;1\r
10.06.2019;02:59;A 24;3;1;0;0\r
10.06.2019;02:59;A 24;4;1;2;1\r
10.06.2019;02:59;A 24;5;1;0;1\r
10.06.2019;02:59;A 24;6;1;0;0\r
10.06.2019;02:59;A 24;7;1;6;1\r
10.06.2019;02:59;A 24;8;1;0;0\r
10.06.2019;02:59;A 24;9;1;0;0\r
10.06.2019;02:59;A 24;10;1;0;0\r
10.06.2019;02:59;A 24;11;1;0;0\r
10.06.2019;02:59;A 24;12;1;0;0\r
10.06.2019;02:59;A 24;13;1;0;0\r
10.06.2019;02:59;A 24;14;1;0;0\r
10.06.2019;02:59;A 24;15;1;0;0\r
10.06.2019;02:59;A 24;16;1;0;0\r
10.06.2019;02:59;A 24;17;1;0;0\r
10.06.2019;02:59;A 24;18;1;0;0\r
10.06.2019;02:59;A 24;19;1;0;0\r
10.06.2019;02:59;A 24;20;1;0;0\r
10.06.2019;02:59;A 24;21;1;0;0\r
10.06.2019;02:59;A 27;1;1;100;0\r
10.06.2019;02:59;A 27;2;1;6;1\r
10.06.2019;02:59;A 27;3;1;0;0\r
10.06.2019;02:59;A 27;4;1;0;0\r
10.06.2019;02:59;A 27;5;1;0;0\r
10.06.2019;02:59;A 27;6;1;100;0\r
10.06.2019;02:59;A 27;7;1;100;0\r
10.06.2019;02:59;A 27;8;1;100;0\r
10.06.2019;02:59;A 27;9;1;100;0\r
10.06.2019;02:59;A 27;10;1;0;0\r
10.06.2019;02:59;A 27;11;1;0;0\r
10.06.2019;02:59;A 27;12;1;6;3\r
10.06.2019;02:59;A 27;13;1;2;1\r
10.06.2019;02:59;A 27;14;1;0;0\r
10.06.2019;02:59;A 27;15;1;0;0\r
10.06.2019;02:59;A 27;16;1;0;0\r
10.06.2019;02:59;A 27;17;1;0;0\r
10.06.2019;02:59;A 27;18;1;0;0\r
10.06.2019;02:59;A 27;19;1;0;0\r
10.06.2019;02:59;A 27;20;1;0;0\r
10.06.2019;02:59;A 27;21;1;0;0\r
10.06.2019;02:59;A 27;22;1;100;0\r
10.06.2019;02:59;A 27;23;1;0;0\r
10.06.2019;02:59;A 27;24;1;0;0\r
10.06.2019;02:59;A 27;25;1;0;0\r
10.06.2019;02:59;A 27;26;1;0;0\r
10.06.2019;02:59;A 27;27;1;0;0\r
10.06.2019;02:59;A 27;28;1;0;0\r
10.06.2019;02:59;A 27;29;1;0;0\r
10.06.2019;02:59;A 27;30;1;0;0\r
10.06.2019;02:59;A 27;31;1;0;0\r
10.06.2019;02:59;A 27;32;1;0;0\r
10.06.2019;02:59;A 27;33;1;0;0\r
10.06.2019;02:59;A 27;34;1;0;0\r
10.06.2019;02:59;A 27;35;1;0;0\r
10.06.2019;02:59;A 27;36;1;0;0\r
10.06.2019;02:59;A 27;37;1;0;0\r
10.06.2019;02:59;A 27;38;1;0;0\r
10.06.2019;02:59;A 27;39;1;0;0\r
10.06.2019;02:59;A 27;40;1;0;0\r
10.06.2019;02:59;A 27;41;1;0;0\r
10.06.2019;02:59;A 28;1;1;0;0\r
10.06.2019;02:59;A 28;2;1;0;0\r
10.06.2019;02:59;A 28;3;1;0;0\r
10.06.2019;02:59;A 28;4;1;0;0\r
10.06.2019;02:59;A 28;5;1;0;0\r
10.06.2019;02:59;A 28;6;1;0;0\r
10.06.2019;02:59;A 28;7;1;0;0\r
10.06.2019;02:59;A 28;8;1;0;0\r
10.06.2019;02:59;A 28;9;1;100;0\r
10.06.2019;02:59;A 28;10;1;100;0\r
10.06.2019;02:59;A 28;11;1;0;0\r
10.06.2019;02:59;A 28;12;1;0;0\r
10.06.2019;02:59;A 28;13;1;0;0\r
10.06.2019;02:59;A 28;14;1;0;0\r
10.06.2019;02:59;A 29;1;1;0;0\r
10.06.2019;02:59;A 29;2;1;0;0\r
10.06.2019;02:59;A 30;1;1;0;0\r
10.06.2019;02:59;A 30;2;1;0;0\r
10.06.2019;02:59;A 30;3;1;0;0\r
10.06.2019;02:59;A 30;4;1;0;0\r
10.06.2019;02:59;A 30;5;1;0;0\r
10.06.2019;02:59;A 30;6;1;0;0\r
10.06.2019;02:59;A 30;7;1;0;0\r
10.06.2019;02:59;A 30;8;1;0;0\r
10.06.2019;02:59;A 30;9;1;0;0\r
10.06.2019;02:59;A 30;10;1;0;0\r
10.06.2019;02:59;A 30;11;1;0;0\r
10.06.2019;02:59;A 30;12;1;0;0\r
10.06.2019;02:59;A 30;13;1;0;0\r
10.06.2019;02:59;A 30;14;1;0;0\r
10.06.2019;02:59;A 30;15;1;0;0\r
10.06.2019;02:59;A 30;16;1;0;0\r
10.06.2019;02:59;A 30;17;1;0;0\r
10.06.2019;02:59;A 30;18;1;1;2\r
10.06.2019;02:59;A 30;19;1;0;0\r
10.06.2019;02:59;A 30;20;1;100;0\r
10.06.2019;02:59;A 31;1;1;0;0\r
10.06.2019;02:59;A 31;2;1;0;0\r
10.06.2019;02:59;A 31;3;1;0;0\r
10.06.2019;02:59;A 31;4;1;0;0\r
10.06.2019;02:59;A 32;1;1;0;0\r
10.06.2019;02:59;A 32;2;1;0;0\r
10.06.2019;02:59;A 32;3;1;0;0\r
10.06.2019;02:59;A 32;4;1;0;0\r
10.06.2019;02:59;A 32;5;1;0;0\r
10.06.2019;02:59;A 32;6;1;0;0\r
10.06.2019;02:59;A 32;7;1;0;0\r
10.06.2019;02:59;A 32;8;1;2;1\r
10.06.2019;02:59;A 32;9;1;89;1\r
10.06.2019;02:59;A 32;10;1;0;0\r
10.06.2019;02:59;A 32;11;1;0;0\r
10.06.2019;02:59;A 32;12;1;0;0\r
10.06.2019;02:59;A 32;13;1;0;0\r
10.06.2019;02:59;A 32;14;1;0;0\r
10.06.2019;02:59;A 32;15;1;0;0\r
10.06.2019;02:59;A 32;16;1;0;0\r
10.06.2019;02:59;A 32;17;1;0;0\r
10.06.2019;02:59;A 32;18;1;0;0\r
10.06.2019;02:59;A 32;19;1;100;0\r
10.06.2019;02:59;A 32;20;1;0;0\r
10.06.2019;02:59;A 32;21;1;100;0\r
10.06.2019;02:59;A 32;22;1;100;0\r
10.06.2019;02:59;A 32;23;1;0;0\r
10.06.2019;02:59;A 32;24;1;0;0\r
10.06.2019;02:59;A 33;1;1;1;1\r
10.06.2019;02:59;A 33;2;1;0;0\r
10.06.2019;02:59;A 33;3;1;0;0\r
10.06.2019;02:59;A 33;4;1;7;1\r
10.06.2019;02:59;A 33;5;1;15;1\r
10.06.2019;02:59;A 33;6;1;0;0\r
10.06.2019;02:59;A 33;7;1;5;1\r
10.06.2019;02:59;A 33;8;1;1;1\r
10.06.2019;02:59;A 33;9;1;0;0\r
10.06.2019;02:59;A 33;10;1;0;0\r
10.06.2019;02:59;A 33;11;1;19;1\r
10.06.2019;02:59;A 33;12;1;0;0\r
10.06.2019;02:59;A 33;13;1;3;0\r
10.06.2019;02:59;A 33;14;1;0;0\r
10.06.2019;02:59;A 33;15;1;0;0\r
10.06.2019;02:59;A 33;16;1;0;0\r
10.06.2019;02:59;A 33;17;1;0;0\r
10.06.2019;02:59;A 33;18;1;0;0\r
10.06.2019;02:59;A 33;19;1;0;0\r
10.06.2019;02:59;A 33;20;1;0;0\r
10.06.2019;02:59;A 33;21;1;0;0\r
10.06.2019;02:59;A 33;22;1;0;0\r
10.06.2019;02:59;A 33;23;1;0;0\r
10.06.2019;02:59;A 33;24;1;0;0\r
10.06.2019;02:59;A 33;25;1;0;0\r
10.06.2019;02:59;A 33;26;1;0;0\r
10.06.2019;02:59;A 33;27;1;0;0\r
10.06.2019;02:59;A 33;28;1;0;0\r
10.06.2019;02:59;A 33;29;1;0;0\r
10.06.2019;02:59;A 33;30;1;0;0\r
10.06.2019;02:59;A 33;31;1;0;0\r
10.06.2019;02:59;A 33;32;1;0;0\r
10.06.2019;02:59;A 33;33;1;0;0\r
10.06.2019;02:59;A 33;34;1;0;0\r
10.06.2019;02:59;A 33;35;1;0;0\r
10.06.2019;02:59;A 33;36;1;0;0\r
10.06.2019;02:59;A 33;37;1;0;0\r
10.06.2019;02:59;A 34;1;1;0;0\r
10.06.2019;02:59;A 34;2;1;0;0\r
10.06.2019;02:59;A 34;3;1;0;1\r
10.06.2019;02:59;A 34;4;1;0;0\r
10.06.2019;02:59;A 34;5;1;0;0\r
10.06.2019;02:59;A 34;6;1;0;0\r
10.06.2019;02:59;A 34;7;1;0;0\r
10.06.2019;02:59;A 34;8;1;0;0\r
10.06.2019;02:59;A 35;1;1;0;0\r
10.06.2019;02:59;A 35;2;1;1;1\r
10.06.2019;02:59;A 35;3;1;0;0\r
10.06.2019;02:59;A 35;4;1;0;1\r
10.06.2019;02:59;A 35;5;1;0;0\r
10.06.2019;02:59;A 35;6;1;0;0\r
10.06.2019;02:59;A 35;7;1;0;0\r
10.06.2019;02:59;A 35;8;1;0;0\r
10.06.2019;02:59;A 35;9;1;0;0\r
10.06.2019;02:59;A 35;10;1;0;0\r
10.06.2019;02:59;A 35;11;1;0;0\r
10.06.2019;02:59;A 35;12;1;0;0\r
10.06.2019;02:59;A 35;13;1;0;0\r
10.06.2019;02:59;A 35;14;1;0;0\r
10.06.2019;02:59;A 36;1;1;0;0\r
10.06.2019;02:59;A 36;2;1;0;0\r
10.06.2019;02:59;A 36;3;1;0;0\r
10.06.2019;02:59;A 36;4;1;0;0\r
10.06.2019;02:59;A 36;5;1;0;0\r
10.06.2019;02:59;A 36;6;1;7;1\r
10.06.2019;02:59;A 36;7;1;0;0\r
10.06.2019;02:59;A 36;8;1;0;0\r
10.06.2019;02:59;A 36;9;1;0;0\r
10.06.2019;02:59;A 36;10;1;0;0\r
10.06.2019;02:59;A 36;11;1;0;0\r
10.06.2019;02:59;A 36;12;1;0;0\r
10.06.2019;02:59;A 36;13;1;0;0\r
10.06.2019;02:59;A 36;14;1;0;0\r
10.06.2019;02:59;A 36;15;1;0;0\r
10.06.2019;02:59;A 36;16;1;0;0\r
10.06.2019;02:59;A 36;17;1;0;0\r
10.06.2019;02:59;A 36;18;1;0;0\r
10.06.2019;02:59;A 36;19;1;0;0\r
10.06.2019;02:59;A 36;20;1;0;0\r
10.06.2019;02:59;A 36;21;1;0;0\r
10.06.2019;02:59;A 36;22;1;0;0\r
10.06.2019;02:59;A 36;23;1;0;0\r
10.06.2019;02:59;A 36;24;1;0;0\r
10.06.2019;02:59;A 36;25;1;0;0\r
10.06.2019;02:59;A 36;26;1;0;0\r
10.06.2019;02:59;A 36;27;1;0;0\r
10.06.2019;02:59;A 36;28;1;0;0\r
10.06.2019;02:59;A 36;29;1;0;0\r
10.06.2019;02:59;A 36;30;1;0;0\r
10.06.2019;02:59;A 36;31;1;0;0\r
10.06.2019;02:59;A 37;1;1;0;0\r
10.06.2019;02:59;A 37;2;1;0;0\r
10.06.2019;02:59;A 37;3;1;0;0\r
10.06.2019;02:59;A 37;4;1;0;0\r
10.06.2019;02:59;A 37;5;1;0;0\r
10.06.2019;02:59;A 37;6;1;0;0\r
10.06.2019;02:59;A 37;7;1;0;0\r
10.06.2019;02:59;A 37;8;1;0;0\r
10.06.2019;02:59;A 37;9;1;21;3\r
10.06.2019;02:59;A 37;10;1;100;0\r
10.06.2019;02:59;A 37;11;1;0;0\r
10.06.2019;02:59;A 37;12;1;0;0\r
10.06.2019;02:59;A 37;13;1;0;0\r
10.06.2019;02:59;A 37;14;1;1;1\r
10.06.2019;02:59;A 37;15;1;1;1\r
10.06.2019;02:59;A 37;16;1;0;0\r
10.06.2019;02:59;A 37;17;1;0;0\r
10.06.2019;02:59;A 37;18;1;23;4\r
10.06.2019;02:59;A 37;19;1;0;0\r
10.06.2019;02:59;A 37;20;1;100;0\r
10.06.2019;02:59;A 37;21;1;100;0\r
10.06.2019;02:59;A 37;22;1;0;0\r
10.06.2019;02:59;A 37;23;1;0;0\r
10.06.2019;02:59;A 37;24;1;0;0\r
10.06.2019;02:59;A 37;25;1;0;0\r
10.06.2019;02:59;A 37;29;1;0;0\r
10.06.2019;02:59;A 37;30;1;0;0\r
10.06.2019;02:59;A 37;31;1;0;0\r
10.06.2019;02:59;A 37;32;1;0;0\r
10.06.2019;02:59;A 38;1;1;0;0\r
10.06.2019;02:59;A 38;2;1;0;0\r
10.06.2019;02:59;A 38;3;1;0;0\r
10.06.2019;02:59;A 38;4;1;0;0\r
10.06.2019;02:59;A 38;5;1;0;0\r
10.06.2019;02:59;A 38;6;1;0;0\r
10.06.2019;02:59;A 38;7;1;0;0\r
10.06.2019;02:59;A 38;8;1;0;0\r
10.06.2019;02:59;A 38;9;1;0;0\r
10.06.2019;02:59;A 38;10;1;0;0\r
10.06.2019;02:59;A 38;11;1;0;0\r
10.06.2019;02:59;A 38;12;1;0;0\r
10.06.2019;02:59;A 38;13;1;0;0\r
10.06.2019;02:59;A 38;14;1;0;0\r
10.06.2019;02:59;A 38;15;1;0;0\r
10.06.2019;02:59;A 38;16;1;0;0\r
10.06.2019;02:59;A 38;17;1;0;0\r
10.06.2019;02:59;A 38;18;1;0;0\r
10.06.2019;02:59;A 38;19;1;0;0\r
10.06.2019;02:59;A 38;20;1;0;0\r
10.06.2019;02:59;A 38;21;1;0;0\r
10.06.2019;02:59;A 38;22;1;0;0\r
10.06.2019;02:59;A 38;23;1;0;0\r
10.06.2019;02:59;A 38;24;1;0;0\r
10.06.2019;02:59;A 38;25;1;0;0\r
10.06.2019;02:59;A 39;1;1;100;0\r
10.06.2019;02:59;A 39;2;1;0;0\r
10.06.2019;02:59;A 39;3;1;0;0\r
10.06.2019;02:59;A 39;4;1;0;0\r
10.06.2019;02:59;A 39;5;1;0;0\r
10.06.2019;02:59;A 39;6;1;0;0\r
10.06.2019;02:59;A 39;7;1;0;0\r
10.06.2019;02:59;A 40;1;1;0;1\r
10.06.2019;02:59;A 40;2;1;9;1\r
10.06.2019;02:59;A 40;3;1;0;0\r
10.06.2019;02:59;A 40;4;1;0;0\r
10.06.2019;02:59;A 40;5;1;0;0\r
10.06.2019;02:59;A 40;6;1;0;0\r
10.06.2019;02:59;A 40;7;1;0;0\r
10.06.2019;02:59;A 40;8;1;0;0\r
10.06.2019;02:59;A 40;9;1;0;0\r
10.06.2019;02:59;A 40;10;1;0;0\r
10.06.2019;02:59;A 40;11;1;0;0\r
10.06.2019;02:59;A 40;12;1;0;0\r
10.06.2019;02:59;A 40;13;1;0;0\r
10.06.2019;02:59;A 40;14;1;0;0\r
10.06.2019;02:59;A 40;15;1;0;0\r
10.06.2019;02:59;A 40;16;1;0;0\r
10.06.2019;02:59;A 40;17;1;0;0\r
10.06.2019;02:59;A 40;18;1;0;0\r
10.06.2019;02:59;A 40;19;1;0;0\r
10.06.2019;02:59;A 40;20;1;0;0\r
10.06.2019;02:59;A 40;21;1;0;0\r
10.06.2019;02:59;A 40;22;1;0;0\r
10.06.2019;02:59;A 40;23;1;0;0\r
10.06.2019;02:59;A 40;24;1;0;0\r
10.06.2019;02:59;A 40;25;1;0;0\r
10.06.2019;02:59;A 40;26;1;0;0\r
10.06.2019;02:59;A 40;27;1;0;0\r
10.06.2019;02:59;A 40;28;1;0;0\r
10.06.2019;02:59;A 40;29;1;0;0\r
10.06.2019;02:59;A 40;30;1;0;0\r
10.06.2019;02:59;A 40;31;1;0;0\r
10.06.2019;02:59;A 40;32;1;0;0\r
10.06.2019;02:59;A 41;1;1;0;0\r
10.06.2019;02:59;A 41;2;1;0;0\r
10.06.2019;02:59;A 41;3;1;0;0\r
10.06.2019;02:59;A 41;4;1;100;1\r
10.06.2019;02:59;A 41;5;1;0;0\r
10.06.2019;02:59;A 41;6;1;0;0\r
10.06.2019;02:59;A 41;7;1;0;0\r
10.06.2019;02:59;A 41;8;1;0;0\r
10.06.2019;02:59;A 41;9;1;0;0\r
10.06.2019;02:59;A 41;10;1;0;0\r
10.06.2019;02:59;A 41;11;1;0;0\r
10.06.2019;02:59;A 41;12;1;0;0\r
10.06.2019;02:59;A 41;13;1;0;0\r
10.06.2019;02:59;A 41;14;1;0;0\r
10.06.2019;02:59;A 41;15;1;0;0\r
10.06.2019;02:59;A 41;16;1;0;0\r
10.06.2019;02:59;A 41;17;1;0;0\r
10.06.2019;02:59;A 41;18;1;0;0\r
10.06.2019;02:59;A 41;19;1;0;0\r
10.06.2019;02:59;A 41;20;1;0;0\r
10.06.2019;02:59;A 41;21;1;0;0\r
10.06.2019;02:59;A 41;22;1;0;0\r
10.06.2019;02:59;A 41;23;1;0;0\r
10.06.2019;02:59;A 41;24;1;0;0\r
10.06.2019;02:59;A 41;25;1;0;0\r
10.06.2019;02:59;A 41;26;1;0;0\r
10.06.2019;02:59;A 41;27;1;0;0\r
10.06.2019;02:59;A 41;28;1;0;0\r
10.06.2019;02:59;A 41;29;1;0;0\r
10.06.2019;02:59;A 41;30;1;0;0\r
10.06.2019;02:59;A 41;31;1;0;0\r
10.06.2019;02:59;A 42;1;1;0;0\r
10.06.2019;02:59;A 42;2;1;0;1\r
10.06.2019;02:59;A 42;3;1;30;1\r
10.06.2019;02:59;A 42;4;1;28;1\r
10.06.2019;02:59;A 42;5;1;0;0\r
10.06.2019;02:59;A 42;6;1;0;0\r
10.06.2019;02:59;A 42;7;1;0;0\r
10.06.2019;02:59;A 42;8;1;0;0\r
10.06.2019;02:59;A 42;9;1;0;0\r
10.06.2019;02:59;A 42;10;1;0;0\r
10.06.2019;02:59;A 42;11;1;0;0\r
10.06.2019;02:59;A 42;12;1;0;0\r
10.06.2019;02:59;A 42;13;1;0;0\r
10.06.2019;02:59;A 42;14;1;0;0\r
10.06.2019;02:59;A 42;15;1;0;0\r
10.06.2019;02:59;A 43;1;1;0;0\r
10.06.2019;02:59;A 43;2;1;0;0\r
10.06.2019;02:59;A 43;3;1;0;0\r
10.06.2019;02:59;A 43;4;1;0;0\r
10.06.2019;02:59;A 43;5;1;0;0\r
10.06.2019;02:59;A 43;6;1;0;0\r
10.06.2019;02:59;A 43;7;1;0;0\r
10.06.2019;02:59;A 43;8;1;0;0\r
10.06.2019;02:59;A 43;9;1;0;0\r
10.06.2019;02:59;A 43;10;1;0;0\r
10.06.2019;02:59;A 43;11;1;0;0\r
10.06.2019;02:59;A 43;12;1;0;0\r
10.06.2019;02:59;A 43;13;1;0;0\r
10.06.2019;02:59;A 43;14;1;0;0\r
10.06.2019;02:59;A 43;15;1;0;0\r
10.06.2019;02:59;A 43;16;1;0;0\r
10.06.2019;02:59;A 43;17;1;0;0\r
10.06.2019;02:59;A 43;18;1;0;0\r
10.06.2019;02:59;A 43;19;1;0;0\r
10.06.2019;02:59;A 43;20;1;0;0\r
10.06.2019;02:59;A 43;21;1;0;0\r
10.06.2019;02:59;A 43;22;1;0;0\r
10.06.2019;02:59;A 43;23;1;0;0\r
10.06.2019;02:59;A 43;24;1;0;0\r
10.06.2019;02:59;A 43;25;1;0;0\r
10.06.2019;02:59;A 43;26;1;0;0\r
10.06.2019;02:59;A 43;27;1;0;0\r
10.06.2019;02:59;A 45;1;1;0;1\r
10.06.2019;02:59;A 45;2;1;0;1\r
10.06.2019;02:59;A 45;3;1;2;2\r
10.06.2019;02:59;A 45;4;1;10;2\r
10.06.2019;02:59;A 45;5;1;0;0\r
10.06.2019;02:59;A 45;6;1;0;0\r
10.06.2019;02:59;A 45;7;1;0;0\r
10.06.2019;02:59;A 45;8;1;25;1\r
10.06.2019;02:59;A 45;9;1;16;110\r
10.06.2019;02:59;A 45;10;1;7;1\r
10.06.2019;02:59;A 45;11;1;0;0\r
10.06.2019;02:59;A 45;12;1;0;0\r
10.06.2019;02:59;A 45;13;1;0;1\r
10.06.2019;02:59;A 45;14;1;0;0\r
10.06.2019;02:59;A 45;15;1;0;0\r
10.06.2019;02:59;A 45;16;1;0;0\r
10.06.2019;02:59;A 45;17;1;0;0\r
10.06.2019;02:59;A 45;18;1;0;0\r
10.06.2019;02:59;A 45;19;1;0;0\r
10.06.2019;02:59;A 45;20;1;0;0\r
10.06.2019;02:59;A 45;21;1;0;0\r
10.06.2019;02:59;A 45;22;1;0;0\r
10.06.2019;02:59;A 45;23;1;0;0\r
10.06.2019;02:59;A 45;24;1;0;0\r
10.06.2019;02:59;A 45;25;1;0;0\r
10.06.2019;02:59;A 45;26;1;0;0\r
10.06.2019;02:59;A 45;27;1;0;0\r
10.06.2019;02:59;A 45;28;1;0;0\r
10.06.2019;02:59;A 45;29;1;0;0\r
10.06.2019;02:59;A 45;30;1;0;0\r
10.06.2019;02:59;A 45;31;1;0;0\r
10.06.2019;02:59;A 45;32;1;0;0\r
10.06.2019;02:59;A 45;33;1;0;0\r
10.06.2019;02:59;A 45;34;1;0;0\r
10.06.2019;02:59;A 45;35;1;0;0\r
10.06.2019;02:59;A 45;36;1;0;0\r
10.06.2019;02:59;A 45;37;1;0;0\r
10.06.2019;02:59;A 45;38;1;0;0\r
10.06.2019;02:59;A 45;39;1;14;1\r
10.06.2019;02:59;A 45;40;1;11;1\r
10.06.2019;02:59;A 45;44;1;0;0\r
10.06.2019;02:59;A 45;46;1;0;0\r
10.06.2019;02:59;A 46;1;1;0;0\r
10.06.2019;02:59;A 46;2;1;0;0\r
10.06.2019;02:59;A 46;3;1;0;0\r
10.06.2019;02:59;A 46;4;1;0;0\r
10.06.2019;02:59;A 46;5;1;0;0\r
10.06.2019;02:59;A 46;6;1;0;0\r
10.06.2019;02:59;A 46;7;1;0;0\r
10.06.2019;02:59;A 46;8;1;11;1\r
10.06.2019;02:59;A 46;9;1;3;1\r
10.06.2019;02:59;A 46;10;1;22;1\r
10.06.2019;02:59;A 46;11;1;0;0\r
10.06.2019;02:59;A 46;12;1;6;1\r
10.06.2019;02:59;A 46;13;1;0;0\r
10.06.2019;02:59;A 46;14;1;0;0\r
10.06.2019;02:59;A 46;15;1;0;0\r
10.06.2019;02:59;A 46;16;1;0;0\r
10.06.2019;02:59;A 46;17;1;0;0\r
10.06.2019;02:59;A 46;19;1;0;0\r
10.06.2019;02:59;A 46;20;1;0;0\r
10.06.2019;02:59;A 46;21;1;0;0\r
10.06.2019;02:59;A 46;22;1;0;0\r
10.06.2019;02:59;A 46;23;1;0;0\r
10.06.2019;02:59;A 46;24;1;0;0\r
10.06.2019;02:59;A 46;25;1;0;0\r
10.06.2019;02:59;A 46;26;1;0;0\r
10.06.2019;02:59;A 46;27;1;0;0\r
10.06.2019;02:59;A 46;28;1;0;0\r
10.06.2019;02:59;A 46;29;1;0;0\r
10.06.2019;02:59;A 47;1;1;18;1\r
10.06.2019;02:59;A 47;2;1;0;0\r
10.06.2019;02:59;A 47;3;1;0;0\r
10.06.2019;02:59;A 47;4;1;0;0\r
10.06.2019;02:59;A 47;5;1;0;0\r
10.06.2019;02:59;A 47;6;1;0;0\r
10.06.2019;02:59;A 47;7;1;0;0\r
10.06.2019;02:59;A 47;8;1;0;0\r
10.06.2019;02:59;A 48;1;1;0;0\r
10.06.2019;02:59;A 48;2;1;0;0\r
10.06.2019;02:59;A 48;3;1;0;0\r
10.06.2019;02:59;A 48;4;1;6;1\r
10.06.2019;02:59;A 48;5;1;0;0\r
10.06.2019;02:59;A 48;6;1;0;0\r
10.06.2019;02:59;A 48;7;1;0;0\r
10.06.2019;02:59;A 48;8;1;0;0\r
10.06.2019;02:59;A 48;9;1;0;0\r
10.06.2019;02:59;A 48;10;1;0;0\r
10.06.2019;02:59;A 48;11;1;0;0\r
10.06.2019;02:59;A 48;12;1;0;0\r
10.06.2019;02:59;A 50;1;1;34;1\r
10.06.2019;02:59;A 50;2;1;0;0\r
10.06.2019;02:59;A 50;3;1;0;0\r
10.06.2019;02:59;A 50;4;1;3;1\r
10.06.2019;02:59;A 50;5;1;0;0\r
10.06.2019;02:59;A 50;6;1;0;0\r
10.06.2019;02:59;A 50;7;1;0;0\r
10.06.2019;02:59;A 50;8;1;0;0\r
10.06.2019;02:59;A 50;9;1;0;0\r
10.06.2019;02:59;A 50;10;1;0;0\r
10.06.2019;02:59;A 50;11;1;0;0\r
10.06.2019;02:59;A 50;12;1;0;0\r
10.06.2019;02:59;A 50;13;1;0;0\r
10.06.2019;02:59;A 50;14;1;0;0\r
10.06.2019;02:59;A 50;15;1;0;0\r
10.06.2019;02:59;A 50;16;1;0;0\r
10.06.2019;02:59;A 50;17;1;0;0\r
10.06.2019;02:59;A 50;18;1;0;0\r
10.06.2019;02:59;A 50;19;1;0;0\r
10.06.2019;02:59;A 50;20;1;0;0\r
10.06.2019;02:59;A 50;21;1;0;0\r
10.06.2019;02:59;A 51;1;1;100;0\r
10.06.2019;02:59;A 51;2;1;100;0\r
10.06.2019;02:59;A 51;3;1;100;0\r
10.06.2019;02:59;A 51;4;1;0;0\r
10.06.2019;02:59;A 51;5;1;0;0\r
10.06.2019;02:59;A 51;6;1;0;0\r
10.06.2019;02:59;A 51;7;1;11;1\r
10.06.2019;02:59;A 51;8;1;16;4\r
10.06.2019;02:59;A 51;9;1;0;0\r
10.06.2019;02:59;A 51;10;1;0;0\r
10.06.2019;02:59;A 51;11;1;0;0\r
10.06.2019;02:59;A 51;12;1;0;0\r
10.06.2019;02:59;A 51;13;1;0;0\r
10.06.2019;02:59;A 51;14;1;0;0\r
10.06.2019;02:59;A 51;15;1;15;2\r
10.06.2019;02:59;A 51;16;1;0;0\r
10.06.2019;02:59;A 51;17;1;2;1\r
10.06.2019;02:59;A 51;18;1;2;1\r
10.06.2019;02:59;A 51;19;1;0;0\r
10.06.2019;02:59;A 51;20;1;0;0\r
10.06.2019;02:59;A 51;21;1;0;0\r
10.06.2019;02:59;A 51;22;1;0;0\r
10.06.2019;02:59;A 51;23;1;0;0\r
10.06.2019;02:59;A 51;24;1;0;0\r
10.06.2019;02:59;A 51;25;1;0;0\r
10.06.2019;02:59;A 51;26;1;0;0\r
10.06.2019;02:59;A 51;27;1;0;0\r
10.06.2019;02:59;A 51;28;1;0;0\r
10.06.2019;02:59;A 51;29;1;0;0\r
10.06.2019;02:59;A 51;30;1;0;0\r
10.06.2019;02:59;A 51;31;1;0;0\r
10.06.2019;02:59;A 51;32;1;0;0\r
10.06.2019;02:59;A 52;1;1;0;0\r
10.06.2019;02:59;A 52;2;1;0;0\r
10.06.2019;02:59;A 52;3;1;0;0\r
10.06.2019;02:59;A 52;4;1;0;0\r
10.06.2019;02:59;A 52;5;1;0;0\r
10.06.2019;02:59;A 52;6;1;0;0\r
10.06.2019;02:59;A 52;7;1;0;0\r
10.06.2019;02:59;A 52;8;1;0;0\r
10.06.2019;02:59;A 52;9;1;0;0\r
10.06.2019;02:59;A 52;10;1;0;0\r
10.06.2019;02:59;A 52;11;1;0;0\r
10.06.2019;02:59;A 52;12;1;0;0\r
10.06.2019;02:59;A 52;13;1;0;0\r
10.06.2019;02:59;A 52;14;1;0;0\r
10.06.2019;02:59;A 52;15;1;0;0\r
10.06.2019;02:59;A 52;16;1;0;0\r
10.06.2019;02:59;A 52;17;1;0;0\r
10.06.2019;02:59;A 52;18;1;0;0\r
10.06.2019;02:59;A 52;19;1;0;0\r
10.06.2019;02:59;A 52;20;1;0;0\r
10.06.2019;02:59;A 52;21;1;0;0\r
10.06.2019;02:59;A 52;22;1;0;0\r
10.06.2019;02:59;A 52;23;1;0;0\r
10.06.2019;02:59;A 52;24;1;0;0\r
10.06.2019;02:59;A 52;25;1;0;0\r
10.06.2019;02:59;A 52;26;1;0;0\r
10.06.2019;02:59;A 52;27;1;0;0\r
10.06.2019;02:59;A 52;28;1;0;0\r
10.06.2019;02:59;A 52;29;1;0;0\r
10.06.2019;02:59;A 53;1;1;0;0\r
10.06.2019;02:59;A 53;2;1;0;0\r
10.06.2019;02:59;A 53;3;1;0;0\r
10.06.2019;02:59;A 53;4;1;0;0\r
10.06.2019;02:59;A 53;5;1;0;0\r
10.06.2019;02:59;A 53;6;1;0;0\r
10.06.2019;02:59;A 53;7;1;0;0\r
10.06.2019;02:59;A 53;8;1;0;0\r
10.06.2019;02:59;A 53;9;1;0;0\r
10.06.2019;02:59;A 53;10;1;0;0\r
10.06.2019;02:59;A 53;11;1;0;0\r
10.06.2019;02:59;A 53;12;1;0;0\r
10.06.2019;02:59;A 53;13;1;0;0\r
10.06.2019;02:59;A 53;14;1;0;0\r
10.06.2019;02:59;A 53;15;1;0;0\r
10.06.2019;02:59;A 53;16;1;0;0\r
10.06.2019;02:59;A 54;1;1;0;0\r
10.06.2019;02:59;A 54;2;1;0;0\r
10.06.2019;02:59;A 54;3;1;0;0\r
10.06.2019;02:59;A 54;4;1;0;0\r
10.06.2019;02:59;A 54;5;1;0;0\r
10.06.2019;02:59;A 54;6;1;0;0\r
10.06.2019;02:59;A 54;7;1;0;0\r
10.06.2019;02:59;A 54;8;1;0;0\r
10.06.2019;02:59;A 54;9;1;4;1\r
10.06.2019;02:59;A 54;10;1;0;0\r
10.06.2019;02:59;A 54;11;1;0;0\r
10.06.2019;02:59;A 54;12;1;0;0\r
10.06.2019;02:59;A 54;13;1;0;0\r
10.06.2019;02:59;A 54;14;1;0;0\r
10.06.2019;02:59;A 54;15;1;0;0\r
10.06.2019;02:59;A 54;16;1;0;0\r
10.06.2019;02:59;A 54;17;1;0;0\r
10.06.2019;02:59;A 54;18;1;0;0\r
10.06.2019;02:59;A 54;19;1;0;0\r
10.06.2019;02:59;A 54;20;1;0;0\r
10.06.2019;02:59;A 54;21;1;0;0\r
10.06.2019;02:59;A 54;22;1;0;0\r
10.06.2019;02:59;A 54;23;1;0;0\r
10.06.2019;02:59;A 54;24;1;0;0\r
10.06.2019;02:59;A 54;25;1;0;0\r
10.06.2019;02:59;A 54;26;1;0;0\r
10.06.2019;02:59;A 54;27;1;0;0\r
10.06.2019;02:59;A 54;28;1;0;0\r
10.06.2019;02:59;A 54;29;1;0;0\r
10.06.2019;02:59;A 54;30;1;0;0\r
10.06.2019;02:59;A 54;31;1;0;0\r
10.06.2019;02:59;A 54;32;1;0;0\r
10.06.2019;02:59;A 55;1;1;0;0\r
10.06.2019;02:59;A 55;2;1;0;0\r
10.06.2019;02:59;A 55;3;1;0;0\r
10.06.2019;02:59;A 55;4;1;0;0\r
10.06.2019;02:59;A 55;5;1;0;0\r
10.06.2019;02:59;A 55;6;1;0;0\r
10.06.2019;02:59;A 55;7;1;0;0\r
10.06.2019;02:59;A 55;8;1;0;0\r
10.06.2019;02:59;A 55;9;1;0;0\r
10.06.2019;02:59;A 55;10;1;0;0\r
10.06.2019;02:59;A 55;11;1;0;0\r
10.06.2019;02:59;A 55;12;1;0;0\r
10.06.2019;02:59;A 55;22;1;0;0\r
10.06.2019;02:59;A 55;23;1;0;0\r
10.06.2019;02:59;A 56;1;1;0;0\r
10.06.2019;02:59;A 56;2;1;0;0\r
10.06.2019;02:59;A 56;3;1;0;0\r
10.06.2019;02:59;A 56;4;1;0;0\r
10.06.2019;02:59;A 56;5;1;0;0\r
10.06.2019;02:59;A 56;6;1;0;0\r
10.06.2019;02:59;A 56;7;1;0;0\r
10.06.2019;02:59;A 56;8;1;0;0\r
10.06.2019;02:59;A 56;9;1;0;0\r
10.06.2019;02:59;A 56;10;1;0;0\r
10.06.2019;02:59;A 56;11;1;0;0\r
10.06.2019;02:59;A 56;12;1;0;0\r
10.06.2019;02:59;A 56;13;1;0;0\r
10.06.2019;02:59;A 56;14;1;0;0\r
10.06.2019;02:59;A 56;15;1;0;0\r
10.06.2019;02:59;A 56;16;1;0;0\r
10.06.2019;02:59;A 56;17;1;0;0\r
10.06.2019;02:59;A 56;18;1;0;0\r
10.06.2019;02:59;A 56;19;1;0;0\r
10.06.2019;02:59;A 56;20;1;0;0\r
10.06.2019;02:59;A 56;21;1;0;0\r
10.06.2019;02:59;A 56;22;1;0;0\r
10.06.2019;02:59;A 56;23;1;0;0\r
10.06.2019;02:59;A 57;1;1;1;1\r
10.06.2019;02:59;A 57;2;1;0;0\r
10.06.2019;02:59;A 57;3;1;0;0\r
10.06.2019;02:59;A 57;4;1;2;1\r
10.06.2019;02:59;A 57;5;1;0;0\r
10.06.2019;02:59;A 57;6;1;0;0\r
10.06.2019;02:59;A 57;7;1;0;0\r
10.06.2019;02:59;A 57;8;1;0;0\r
10.06.2019;02:59;A 57;9;1;0;0\r
10.06.2019;02:59;A 57;10;1;0;0\r
10.06.2019;02:59;A 57;11;1;0;0\r
10.06.2019;02:59;A 57;12;1;0;0\r
10.06.2019;02:59;A 57;13;1;0;0\r
10.06.2019;02:59;A 57;14;1;0;0\r
10.06.2019;02:59;A 57;15;1;0;0\r
10.06.2019;02:59;A 57;16;1;0;0\r
10.06.2019;02:59;A 57;17;1;0;0\r
10.06.2019;02:59;A 57;18;1;0;0\r
10.06.2019;02:59;A 57;19;1;4;1\r
10.06.2019;02:59;A 57;20;1;0;0\r
10.06.2019;02:59;A 57;21;1;0;0\r
10.06.2019;02:59;A 57;22;1;0;0\r
10.06.2019;02:59;A 57;23;1;0;0\r
10.06.2019;02:59;A 57;24;1;0;0\r
10.06.2019;02:59;A 57;25;1;0;0\r
10.06.2019;02:59;A 57;26;1;0;0\r
10.06.2019;02:59;A 57;27;1;0;0\r
10.06.2019;02:59;A 57;28;1;0;0\r
10.06.2019;02:59;A 57;29;1;0;0\r
10.06.2019;02:59;A 57;30;1;0;0\r
10.06.2019;02:59;A 57;31;1;1;1\r
10.06.2019;02:59;A 57;32;1;5;1\r
10.06.2019;02:59;A 57;35;1;0;0\r
10.06.2019;02:59;A 57;36;1;0;0\r
10.06.2019;02:59;A 57;37;1;0;0\r
10.06.2019;02:59;A 57;38;1;0;0\r
10.06.2019;02:59;A 57;39;1;0;0\r
10.06.2019;02:59;A 57;40;1;0;0\r
10.06.2019;02:59;A 57;41;1;0;0\r
10.06.2019;02:59;A 57;42;1;0;0\r
10.06.2019;02:59;A 57;43;1;100;0\r
10.06.2019;02:59;A 57;44;1;100;0\r
10.06.2019;02:59;A 57;45;1;100;0\r
10.06.2019;02:59;A 57;46;1;100;0\r
10.06.2019;02:59;A 57;47;1;100;0\r
10.06.2019;02:59;A 57;48;1;100;0\r
10.06.2019;02:59;A 58;1;1;0;0\r
10.06.2019;02:59;A 58;2;1;0;0\r
10.06.2019;02:59;A 59;1;1;0;0\r
10.06.2019;02:59;A 59;2;1;0;0\r
10.06.2019;02:59;A 59;3;1;0;0\r
10.06.2019;02:59;A 59;4;1;2;1\r
10.06.2019;02:59;A 59;5;1;0;0\r
10.06.2019;02:59;A 59;6;1;0;0\r
10.06.2019;02:59;A 59;7;1;0;0\r
10.06.2019;02:59;A 59;8;1;0;0\r
10.06.2019;02:59;A 59;9;1;0;0\r
10.06.2019;02:59;A 59;10;1;0;0\r
10.06.2019;02:59;A 59;11;1;0;0\r
10.06.2019;02:59;A 59;12;1;0;0\r
10.06.2019;02:59;A 59;13;1;0;0\r
10.06.2019;02:59;A 59;14;1;0;0\r
10.06.2019;02:59;A 59;15;1;0;0\r
10.06.2019;02:59;A 59;16;1;0;0\r
10.06.2019;02:59;A 59;17;1;0;0\r
10.06.2019;02:59;A 59;18;1;0;0\r
10.06.2019;02:59;A 59;19;1;0;0\r
10.06.2019;02:59;A 59;20;1;0;0\r
10.06.2019;02:59;A 59;21;1;0;0\r
10.06.2019;02:59;A 59;22;1;0;0\r
10.06.2019;02:59;A 59;23;1;0;0\r
10.06.2019;02:59;A 59;24;1;0;0\r
10.06.2019;02:59;A 61;3;1;0;0\r
10.06.2019;02:59;A 61;4;1;0;0\r
10.06.2019;02:59;A 61;5;1;0;0\r
10.06.2019;02:59;A 61;6;1;1;1\r
10.06.2019;02:59;A 61;7;1;0;0\r
10.06.2019;02:59;A 61;8;1;9;1\r
10.06.2019;02:59;A 61;9;1;0;0\r
10.06.2019;02:59;A 61;10;1;0;0\r
10.06.2019;02:59;A 61;11;1;0;0\r
10.06.2019;02:59;A 61;12;1;0;0\r
10.06.2019;02:59;A 61;13;1;0;0\r
10.06.2019;02:59;A 61;14;1;0;0\r
10.06.2019;02:59;A 62;2;1;0;0\r
10.06.2019;02:59;A 62;3;1;0;0\r
10.06.2019;02:59;A 62;4;1;0;0\r
10.06.2019;02:59;A 62;5;1;0;0\r
10.06.2019;02:59;A 62;6;1;0;0\r
10.06.2019;02:59;A 62;7;1;0;0\r
10.06.2019;02:59;A 62;8;1;0;0\r
10.06.2019;02:59;A 62;9;1;0;0\r
10.06.2019;02:59;A 63;1;1;0;0\r
10.06.2019;02:59;A 63;2;1;0;0\r
10.06.2019;02:59;A 63;3;1;0;1\r
10.06.2019;02:59;A 63;4;1;1;1\r
10.06.2019;02:59;A 63;5;1;0;0\r
10.06.2019;02:59;A 63;6;1;100;0\r
10.06.2019;02:59;A 63;7;1;100;0\r
10.06.2019;02:59;A 63;8;1;0;0\r
10.06.2019;02:59;A 63;9;1;0;0\r
10.06.2019;02:59;A 63;10;1;0;0\r
10.06.2019;02:59;A 63;11;1;0;0\r
10.06.2019;02:59;A 63;12;1;0;0\r
10.06.2019;02:59;A 63;13;1;0;0\r
10.06.2019;02:59;A 63;14;1;0;0\r
10.06.2019;02:59;A 63;15;1;0;0\r
10.06.2019;02:59;A 63;16;1;0;0\r
10.06.2019;02:59;A 63;17;1;0;0\r
10.06.2019;02:59;A 64;1;1;0;0\r
10.06.2019;02:59;A 64;2;1;0;0\r
10.06.2019;02:59;A 64;3;1;0;0\r
10.06.2019;02:59;A 64;4;1;0;0\r
10.06.2019;02:59;A 64;5;1;0;0\r
10.06.2019;02:59;A 64;6;1;0;0\r
10.06.2019;02:59;A 64;7;1;0;0\r
10.06.2019;02:59;A 64;8;1;0;0\r
10.06.2019;02:59;A 64;22;1;0;0\r
10.06.2019;02:59;A 64;23;1;0;0\r
10.06.2019;02:59;A 64;24;1;0;0\r
10.06.2019;02:59;A 64;25;1;0;0\r
10.06.2019;02:59;A 64;26;1;0;0\r
10.06.2019;02:59;A 64;27;1;0;0\r
10.06.2019;02:59;A 64;28;1;0;0\r
10.06.2019;02:59;A 64;29;1;0;0\r
10.06.2019;02:59;A 64;30;1;0;0\r
10.06.2019;02:59;A 64;31;1;0;0\r
10.06.2019;02:59;A 64;32;1;0;0\r
10.06.2019;02:59;A 64;33;1;0;0\r
10.06.2019;02:59;A 64;34;1;0;0\r
10.06.2019;02:59;A 64;35;1;0;0\r
10.06.2019;02:59;A 65;3;1;0;0\r
10.06.2019;02:59;A 65;4;1;0;0\r
10.06.2019;02:59;A 65;8;1;0;0\r
10.06.2019;02:59;A 65;9;1;0;0\r
10.06.2019;02:59;A 65;22;1;0;0\r
10.06.2019;02:59;A 65;23;1;0;0\r
10.06.2019;02:59;A 65;24;1;0;0\r
10.06.2019;02:59;A 65;25;1;0;0\r
10.06.2019;02:59;A 65;26;1;0;0\r
10.06.2019;02:59;A 65;27;1;0;0\r
10.06.2019;02:59;A 65;28;1;0;0\r
10.06.2019;02:59;A 65;29;1;0;0\r
10.06.2019;02:59;A 65;30;1;0;0\r
10.06.2019;02:59;A 65;31;1;0;0\r
10.06.2019;02:59;A 65;32;1;0;0\r
10.06.2019;02:59;A 65;33;1;0;0\r
10.06.2019;02:59;A 66;1;1;0;0\r
10.06.2019;02:59;A 66;2;1;0;0\r
10.06.2019;02:59;A 66;3;1;0;0\r
10.06.2019;02:59;A 66;4;1;1;1\r
10.06.2019;02:59;A 66;5;1;0;0\r
10.06.2019;02:59;A 66;6;1;0;0\r
10.06.2019;02:59;A 66;7;1;0;0\r
10.06.2019;02:59;A 66;8;1;0;0\r
10.06.2019;02:59;A 66;9;1;0;0\r
10.06.2019;02:59;A 66;10;1;0;0\r
10.06.2019;02:59;A 66;11;1;0;0\r
10.06.2019;02:59;A 66;12;1;0;0\r
10.06.2019;02:59;A 66;13;1;0;0\r
10.06.2019;02:59;A 66;14;1;0;0\r
10.06.2019;02:59;A 66;15;1;0;0\r
10.06.2019;02:59;A 66;16;1;0;0\r
10.06.2019;02:59;A 67;1;1;0;0\r
10.06.2019;02:59;A 67;2;1;0;0\r
10.06.2019;02:59;A 67;3;1;0;0\r
10.06.2019;02:59;A 67;4;1;0;0\r
10.06.2019;02:59;A 67;5;1;0;0\r
10.06.2019;02:59;A 67;6;1;0;0\r
10.06.2019;02:59;A 67;7;1;0;0\r
10.06.2019;02:59;A 67;8;1;0;1\r
10.06.2019;02:59;A 67;9;1;0;1\r
10.06.2019;02:59;A 67;10;1;0;1\r
10.06.2019;02:59;A 67;11;1;0;0\r
10.06.2019;02:59;A 67;12;1;0;0\r
10.06.2019;02:59;A 67;13;1;1;1\r
10.06.2019;02:59;A 67;15;1;0;0\r
10.06.2019;02:59;A 67;16;1;0;0\r
10.06.2019;02:59;A 67;17;1;0;0\r
10.06.2019;02:59;A 67;18;1;0;0\r
10.06.2019;02:59;A 67;19;1;0;0\r
10.06.2019;02:59;A 67;20;1;0;0\r
10.06.2019;02:59;A 67;21;1;0;0\r
10.06.2019;02:59;A 67;22;1;0;0\r
10.06.2019;02:59;A 67;23;1;0;0\r
10.06.2019;02:59;A 67;24;1;0;0\r
10.06.2019;02:59;A 67;25;1;0;0\r
10.06.2019;02:59;A 67;26;1;100;0\r
10.06.2019;02:59;A 67;28;1;2;1\r
10.06.2019;02:59;A 67;29;1;0;0\r
10.06.2019;02:59;A 67;30;1;100;0\r
10.06.2019;02:59;A 68;1;1;0;0\r
10.06.2019;02:59;A 68;2;1;0;0\r
10.06.2019;02:59;A 68;3;1;0;0\r
10.06.2019;02:59;A 68;4;1;0;0\r
10.06.2019;02:59;A 68;5;1;0;0\r
10.06.2019;02:59;A 68;6;1;0;0\r
10.06.2019;02:59;A 68;7;1;0;0\r
10.06.2019;02:59;A 68;8;1;0;0\r
10.06.2019;02:59;A 68;9;1;0;0\r
10.06.2019;02:59;A 68;10;1;100;0\r
10.06.2019;02:59;A 68;11;1;100;0\r
10.06.2019;02:59;A 68;12;1;100;0\r
10.06.2019;02:59;A 69;1;1;0;0\r
10.06.2019;02:59;A 69;2;1;0;0\r
10.06.2019;02:59;A 69;3;1;0;0\r
10.06.2019;02:59;A 69;4;1;0;0\r
10.06.2019;02:59;A 69;5;1;0;0\r
10.06.2019;02:59;A 69;6;1;0;0\r
10.06.2019;02:59;A 69;7;1;0;0\r
10.06.2019;02:59;A 69;8;1;0;0\r
10.06.2019;02:59;A 69;9;1;0;0\r
10.06.2019;02:59;A 69;10;1;4;1\r
10.06.2019;02:59;A 69;11;1;0;0\r
10.06.2019;02:59;A 69;12;1;6;1\r
10.06.2019;02:59;A 69;13;1;0;0\r
10.06.2019;02:59;A 69;14;1;1;2\r
10.06.2019;02:59;A 69;15;1;0;0\r
10.06.2019;02:59;A 69;16;1;0;0\r
10.06.2019;02:59;A 69;17;1;0;0\r
10.06.2019;02:59;A 69;18;1;0;0\r
10.06.2019;02:59;A 69;20;1;0;0\r
10.06.2019;02:59;A 69;21;1;0;0\r
10.06.2019;02:59;A 69;22;1;0;0\r
10.06.2019;02:59;A 69;23;1;0;0\r
10.06.2019;02:59;A 69;24;1;0;0\r
10.06.2019;02:59;A 69;25;1;0;0\r
10.06.2019;02:59;A 69;26;1;0;0\r
10.06.2019;02:59;A 69;27;1;0;0\r
10.06.2019;02:59;A 69;28;1;0;0\r
10.06.2019;02:59;A 69;29;1;0;0\r
10.06.2019;02:59;A 69;30;1;0;0\r
10.06.2019;02:59;A 69;31;1;0;0\r
10.06.2019;02:59;A 69;32;1;0;0\r
10.06.2019;02:59;A 69;33;1;0;0\r
10.06.2019;02:59;A 69;34;1;0;0\r
10.06.2019;02:59;A 69;35;1;0;0\r
10.06.2019;02:59;A 69;36;1;0;0\r
10.06.2019;02:59;A 69;37;1;0;0\r
10.06.2019;02:59;A 69;38;1;0;0\r
10.06.2019;02:59;A 69;39;1;100;0\r
10.06.2019;02:59;A 69;40;1;100;0\r
10.06.2019;02:59;A 69;41;1;100;0\r
10.06.2019;02:59;A 69;42;1;100;0\r
10.06.2019;02:59;A 69;43;1;100;0\r
10.06.2019;02:59;A 69;44;1;100;0\r
10.06.2019;02:59;A 69;45;1;0;0\r
10.06.2019;02:59;A 69;46;1;0;0\r
10.06.2019;02:59;A 69;47;1;100;0\r
10.06.2019;02:59;A 70;1;1;42;0\r
10.06.2019;02:59;A 70;2;1;0;0\r
10.06.2019;02:59;A 70;3;1;18;2\r
10.06.2019;02:59;A 70;4;1;0;0\r
10.06.2019;02:59;A 70;5;1;2;2\r
10.06.2019;02:59;A 70;6;1;0;0\r
10.06.2019;02:59;A 70;7;1;39;0\r
10.06.2019;02:59;A 70;8;1;3;3\r
10.06.2019;02:59;A 70;9;1;1;2\r
10.06.2019;02:59;A 70;10;1;0;0\r
10.06.2019;02:59;A 70;11;1;0;0\r
10.06.2019;02:59;A 70;12;1;0;0\r
10.06.2019;02:59;A 70;13;1;0;0\r
10.06.2019;02:59;A 70;14;1;0;0\r
10.06.2019;02:59;A 70;15;1;0;0\r
10.06.2019;02:59;A 70;16;1;0;0\r
10.06.2019;02:59;A 71;1;1;0;0\r
10.06.2019;02:59;A 71;2;1;0;0\r
10.06.2019;02:59;A 71;3;1;1;1\r
10.06.2019;02:59;A 71;4;1;5;1\r
10.06.2019;02:59;A 71;5;1;0;0\r
10.06.2019;02:59;A 71;6;1;0;0\r
10.06.2019;02:59;A 71;7;1;0;0\r
10.06.2019;02:59;A 71;8;1;1;1\r
10.06.2019;02:59;A 71;9;1;4;3\r
10.06.2019;02:59;A 71;10;1;0;0\r
10.06.2019;02:59;A 71;11;1;0;0\r
10.06.2019;02:59;A 71;12;1;0;0\r
10.06.2019;02:59;A 71;13;1;0;0\r
10.06.2019;02:59;A 71;14;1;0;0\r
10.06.2019;02:59;A 71;15;1;0;0\r
10.06.2019;02:59;A 71;16;1;0;0\r
10.06.2019;02:59;A 71;17;1;0;0\r
10.06.2019;02:59;A 71;18;1;0;0\r
10.06.2019;02:59;A 71;19;1;0;0\r
10.06.2019;02:59;A 71;20;1;0;0\r
10.06.2019;02:59;A 71;21;1;0;0\r
10.06.2019;02:59;A 71;22;1;0;0\r
10.06.2019;02:59;A 72;1;1;0;0\r
10.06.2019;02:59;A 72;2;1;0;0\r
10.06.2019;02:59;A 72;3;1;0;0\r
10.06.2019;02:59;A 72;4;1;0;0\r
10.06.2019;02:59;A 72;5;1;0;0\r
10.06.2019;02:59;A 72;6;1;0;0\r
10.06.2019;02:59;A 72;7;1;0;0\r
10.06.2019;02:59;A 72;8;1;0;0\r
10.06.2019;02:59;A 72;9;1;0;0\r
10.06.2019;02:59;A 72;10;1;0;0\r
10.06.2019;02:59;A 72;11;1;0;0\r
10.06.2019;02:59;A 72;12;1;0;0\r
10.06.2019;02:59;A 72;13;1;0;0\r
10.06.2019;02:59;A 72;14;1;0;0\r
10.06.2019;02:59;A 72;15;1;0;0\r
10.06.2019;02:59;A 72;16;1;0;0\r
10.06.2019;02:59;A 72;17;1;0;0\r
10.06.2019;02:59;A 72;18;1;0;0\r
10.06.2019;02:59;A 72;19;1;0;0\r
10.06.2019;02:59;A 73;1;1;0;0\r
10.06.2019;02:59;A 73;2;1;0;0\r
10.06.2019;02:59;A 73;3;1;0;0\r
10.06.2019;02:59;A 73;4;1;0;0\r
10.06.2019;02:59;A 73;5;1;0;0\r
10.06.2019;02:59;A 73;6;1;0;0\r
10.06.2019;02:59;A 73;7;1;0;0\r
10.06.2019;02:59;A 73;8;1;0;0\r
10.06.2019;02:59;A 73;9;1;0;0\r
10.06.2019;02:59;A 73;10;1;0;0\r
10.06.2019;02:59;A 73;11;1;0;0\r
10.06.2019;02:59;A 73;12;1;0;0\r
10.06.2019;02:59;A 73;13;1;0;0\r
10.06.2019;02:59;A 73;14;1;0;0\r
10.06.2019;02:59;A 73;15;1;0;0\r
10.06.2019;02:59;A 73;16;1;0;0\r
10.06.2019;02:59;A 73;17;1;4;1\r
10.06.2019;02:59;A 73;18;1;3;1\r
10.06.2019;02:59;A 74;1;1;0;0\r
10.06.2019;02:59;A 74;2;1;0;0\r
10.06.2019;02:59;A 74;3;1;0;0\r
10.06.2019;02:59;A 74;4;1;0;0\r
10.06.2019;02:59;A 74;5;1;0;0\r
10.06.2019;02:59;A 74;6;1;0;0\r
10.06.2019;02:59;A 74;7;1;0;0\r
10.06.2019;02:59;A 75;1;1;0;0\r
10.06.2019;02:59;A 75;2;1;0;0\r
10.06.2019;02:59;A 75;3;1;0;0\r
10.06.2019;02:59;A 75;4;1;0;0\r
10.06.2019;02:59;A 75;5;1;0;0\r
10.06.2019;02:59;A 75;6;1;0;0\r
10.06.2019;02:59;A 75;7;1;0;0\r
10.06.2019;02:59;A 75;8;1;0;0\r
10.06.2019;02:59;A 75;9;1;0;0\r
10.06.2019;02:59;A 75;10;1;8;1\r
10.06.2019;02:59;A 75;11;1;1;2\r
10.06.2019;02:59;A 75;12;1;7;1\r
10.06.2019;02:59;A 75;13;1;0;0\r
10.06.2019;02:59;A 75;14;1;0;0\r
10.06.2019;02:59;A 75;15;1;0;0\r
10.06.2019;02:59;A 75;16;1;1;1\r
10.06.2019;02:59;A 75;17;1;1;1\r
10.06.2019;02:59;A 75;18;1;0;0\r
10.06.2019;02:59;A 75;19;1;0;0\r
10.06.2019;02:59;A 75;20;1;0;0\r
10.06.2019;02:59;A 75;21;1;0;0\r
10.06.2019;02:59;A 75;22;1;0;0\r
10.06.2019;02:59;A 75;23;1;0;0\r
10.06.2019;02:59;A 75;24;1;0;0\r
10.06.2019;02:59;A 75;25;1;0;0\r
10.06.2019;02:59;A 75;26;1;0;0\r
10.06.2019;02:59;A 75;27;1;0;0\r
10.06.2019;02:59;A 75;28;1;0;0\r
10.06.2019;02:59;A 75;29;1;0;0\r
10.06.2019;02:59;A 75;30;1;0;0\r
10.06.2019;02:59;A 75;31;1;0;0\r
10.06.2019;02:59;A 75;32;1;0;0\r
10.06.2019;02:59;A 75;33;1;0;0\r
10.06.2019;02:59;A 75;34;1;0;0\r
10.06.2019;02:59;A 75;35;1;0;0\r
10.06.2019;02:59;A 75;36;1;0;0\r
10.06.2019;02:59;A 75;37;1;0;0\r
10.06.2019;02:59;A 75;38;1;0;0\r
10.06.2019;02:59;A 75;39;1;0;0\r
10.06.2019;02:59;A 75;40;1;0;0\r
10.06.2019;02:59;A 75;41;1;0;0\r
10.06.2019;02:59;A 75;42;1;0;0\r
10.06.2019;02:59;A 75;43;1;0;0\r
10.06.2019;02:59;A 75;44;1;0;0\r
10.06.2019;02:59;A 75;45;1;0;0\r
10.06.2019;02:59;A 75;46;1;0;0\r
10.06.2019;02:59;A 76;1;1;0;0\r
10.06.2019;02:59;A 76;2;1;0;0\r
10.06.2019;02:59;A 76;3;1;0;0\r
10.06.2019;02:59;A 76;4;1;0;0\r
10.06.2019;02:59;A 76;5;1;0;0\r
10.06.2019;02:59;A 76;6;1;0;0\r
10.06.2019;02:59;A 76;7;1;0;0\r
10.06.2019;02:59;A 76;8;1;0;0\r
10.06.2019;02:59;A 76;9;1;0;0\r
10.06.2019;02:59;A 77;1;1;0;0\r
10.06.2019;02:59;A 77;2;1;0;0\r
10.06.2019;02:59;A 77;3;1;0;0\r
10.06.2019;02:59;A 77;4;1;0;0\r
10.06.2019;02:59;A 77;5;1;0;0\r
10.06.2019;02:59;A 77;6;1;0;0\r
10.06.2019;02:59;A 77;7;1;0;0\r
10.06.2019;02:59;A 77;8;1;0;0\r
10.06.2019;02:59;A 77;9;1;0;0\r
10.06.2019;02:59;A 77;10;1;0;0\r
10.06.2019;02:59;A 78;1;1;0;0\r
10.06.2019;02:59;A 78;2;1;0;0\r
10.06.2019;02:59;A 78;3;1;0;0\r
10.06.2019;02:59;A 78;4;1;0;0\r
10.06.2019;02:59;A 78;5;1;0;0\r
10.06.2019;02:59;A 78;6;1;0;0\r
10.06.2019;02:59;A 78;7;1;0;0\r
10.06.2019;02:59;A 78;8;1;0;0\r
10.06.2019;02:59;A 78;9;1;0;0\r
10.06.2019;02:59;A 78;10;1;0;0\r
10.06.2019;02:59;A 78;11;1;0;0\r
10.06.2019;02:59;A 78;12;1;0;0\r
10.06.2019;02:59;A 78;13;1;0;0\r
10.06.2019;02:59;A 79;1;1;0;0\r
10.06.2019;02:59;A 79;2;1;0;0\r
10.06.2019;02:59;A 79;3;1;0;0\r
10.06.2019;02:59;A 79;4;1;0;0\r
10.06.2019;02:59;A 79;5;1;0;0\r
10.06.2019;02:59;A 79;6;1;0;0\r
10.06.2019;02:59;A 80;1;1;0;0\r
10.06.2019;02:59;A 80;2;1;0;0\r
10.06.2019;02:59;A 80;3;1;0;0\r
10.06.2019;02:59;A 80;4;1;0;0\r
10.06.2019;02:59;A 80;5;1;0;0\r
10.06.2019;02:59;A 80;6;1;0;0\r
10.06.2019;02:59;A 80;7;1;0;0\r
10.06.2019;02:59;A 80;8;1;100;0\r
10.06.2019;02:59;A 80;9;1;0;0\r
10.06.2019;02:59;A 81;1;1;0;0\r
10.06.2019;02:59;A 81;2;1;100;0\r
10.06.2019;02:59;A 81;3;1;0;0\r
10.06.2019;02:59;A 81;4;1;0;0\r
10.06.2019;02:59;A 81;5;1;0;0\r
10.06.2019;02:59;A 81;6;1;0;0\r
10.06.2019;02:59;A 81;7;1;100;0\r
10.06.2019;02:59;A 81;8;1;0;0\r
10.06.2019;02:59;A 81;9;1;0;0\r
10.06.2019;02:59;A 81;10;1;0;0\r
10.06.2019;02:59;A 81;11;1;0;0\r
10.06.2019;02:59;A 81;12;1;0;0\r
10.06.2019;02:59;A 81;13;1;0;0\r
10.06.2019;02:59;A 81;14;1;0;0\r
10.06.2019;02:59;A 81;15;1;0;0\r
10.06.2019;02:59;A 81;16;1;0;0\r
10.06.2019;02:59;A 81;17;1;0;0\r
10.06.2019;02:59;A 81;18;1;0;0\r
10.06.2019;02:59;A 81;19;1;0;0\r
10.06.2019;02:59;A 81;20;1;0;0\r
10.06.2019;02:59;A 81;21;1;0;0\r
10.06.2019;02:59;A 81;23;1;0;0\r
10.06.2019;02:59;A 81;24;1;0;0\r
10.06.2019;02:59;A 81;28;1;0;0\r
10.06.2019;02:59;A 81;29;1;0;0\r
10.06.2019;02:59;A 81;30;1;0;0\r
10.06.2019;02:59;A 81;31;1;0;0\r
10.06.2019;02:59;A 81;32;1;0;0\r
10.06.2019;02:59;A 82;1;1;0;0\r
10.06.2019;02:59;A 82;2;1;0;0\r
10.06.2019;02:59;A 82;3;1;0;0\r
10.06.2019;02:59;A 82;4;1;6;1\r
10.06.2019;02:59;A 82;5;1;0;0\r
10.06.2019;02:59;A 82;6;1;0;0\r
10.06.2019;02:59;A 82;7;1;0;0\r
10.06.2019;02:59;A 82;8;1;0;0\r
10.06.2019;02:59;A 82;9;1;0;0\r
10.06.2019;02:59;A 82;10;1;0;0\r
10.06.2019;02:59;A 82;11;1;0;0\r
10.06.2019;02:59;A 82;12;1;0;0\r
10.06.2019;02:59;A 82;13;1;0;0\r
10.06.2019;02:59;A 82;14;1;0;0\r
10.06.2019;02:59;A 82;15;1;0;0\r
10.06.2019;02:59;A 82;16;1;0;0\r
10.06.2019;02:59;A 82;17;1;0;0\r
10.06.2019;02:59;A 82;18;1;0;0\r
10.06.2019;02:59;A 83;1;1;0;0\r
10.06.2019;02:59;A 83;2;1;0;0\r
10.06.2019;02:59;A 83;3;1;0;0\r
10.06.2019;02:59;A 83;4;1;0;0\r
10.06.2019;02:59;A 83;5;1;0;0\r
10.06.2019;02:59;A 83;6;1;0;0\r
10.06.2019;02:59;A 83;7;1;0;0\r
10.06.2019;02:59;A 83;8;1;0;0\r
10.06.2019;02:59;A 83;9;1;0;0\r
10.06.2019;02:59;A 83;10;1;0;0\r
10.06.2019;02:59;A 83;11;1;0;0\r
10.06.2019;02:59;A 83;12;1;0;0\r
10.06.2019;02:59;A 83;13;1;100;0\r
10.06.2019;02:59;A 83;14;1;0;0\r
10.06.2019;02:59;A 83;15;1;0;0\r
10.06.2019;02:59;A 83;16;1;0;0\r
10.06.2019;02:59;A 83;17;1;0;0\r
10.06.2019;02:59;A 83;18;1;0;0\r
10.06.2019;02:59;A 84;1;1;0;0\r
10.06.2019;02:59;A 84;2;1;0;0\r
10.06.2019;02:59;A 84;3;1;0;0\r
10.06.2019;02:59;A 84;4;1;100;0\r
10.06.2019;02:59;A 85;1;1;0;0\r
10.06.2019;02:59;A 85;2;1;0;0\r
10.06.2019;02:59;A 85;3;1;1;1\r
10.06.2019;02:59;A 85;4;1;1;2\r
10.06.2019;02:59;A 85;5;1;1;1\r
10.06.2019;02:59;A 85;6;1;1;1\r
10.06.2019;02:59;A 86;1;1;0;0\r
10.06.2019;02:59;A 86;2;1;0;0\r
10.06.2019;02:59;A 86;3;1;0;0\r
10.06.2019;02:59;A 86;4;1;0;0\r
10.06.2019;02:59;A 86;5;1;0;0\r
10.06.2019;02:59;A 86;6;1;0;0\r
10.06.2019;02:59;A 86;7;1;0;0\r
10.06.2019;02:59;A 86;8;1;0;0\r
10.06.2019;02:59;A 86;9;1;0;0\r
10.06.2019;02:59;A 86;10;1;0;0\r
10.06.2019;02:59;A 86;11;1;7;1\r
10.06.2019;02:59;A 86;12;1;0;0\r
10.06.2019;02:59;A 86;13;1;1;1\r
10.06.2019;02:59;A 86;14;1;0;0\r
10.06.2019;02:59;A 86;15;1;0;0\r
10.06.2019;02:59;A 86;16;1;0;0\r
10.06.2019;02:59;A 86;17;1;0;0\r
10.06.2019;02:59;A 86;18;1;0;0\r
10.06.2019;02:59;A 86;19;1;0;0\r
10.06.2019;02:59;A 86;20;1;0;0\r
10.06.2019;02:59;A 86;21;1;0;0\r
10.06.2019;02:59;A 86;22;1;0;0\r
10.06.2019;02:59;A 86;23;1;0;0\r
10.06.2019;02:59;A 86;24;1;0;0\r
10.06.2019;02:59;A 86;25;1;0;0\r
10.06.2019;02:59;A 86;26;1;0;0\r
10.06.2019;02:59;A 86;27;1;0;0\r
10.06.2019;02:59;A 86;28;1;0;0\r
10.06.2019;02:59;A 86;29;1;0;0\r
10.06.2019;02:59;A 86;30;1;0;0\r
10.06.2019;02:59;A 86;31;1;0;0\r
10.06.2019;02:59;A 86;32;1;0;0\r
10.06.2019;02:59;A 86;33;1;0;0\r
10.06.2019;02:59;A 86;34;1;0;0\r
10.06.2019;02:59;A 86;35;1;0;0\r
10.06.2019;02:59;A 86;36;1;0;0\r
10.06.2019;02:59;A 86;37;1;0;0\r
10.06.2019;02:59;A 86;38;1;0;0\r
10.06.2019;02:59;A 86;39;1;0;0\r
10.06.2019;02:59;A 86;40;1;0;0\r
10.06.2019;02:59;A 86;41;1;0;0\r
10.06.2019;02:59;A 86;42;1;0;0\r
10.06.2019;02:59;A 86;43;1;0;0\r
10.06.2019;02:59;A 86;44;1;0;0\r
10.06.2019;02:59;A 86;45;1;0;0\r
10.06.2019;02:59;A 86;46;1;0;0\r
10.06.2019;02:59;A 86;47;1;0;0\r
10.06.2019;02:59;A 86;48;1;0;0\r
10.06.2019;02:59;A 86;49;1;0;0\r
10.06.2019;02:59;A 86;50;1;0;0\r
10.06.2019;02:59;A 87;1;1;40;0\r
10.06.2019;02:59;A 87;2;1;0;0\r
10.06.2019;02:59;A 87;3;1;0;0\r
10.06.2019;02:59;A 87;4;1;0;0\r
10.06.2019;02:59;A 87;5;1;0;0\r
10.06.2019;02:59;A 87;6;1;0;0\r
10.06.2019;02:59;A 87;7;1;0;0\r
10.06.2019;02:59;A 87;8;1;0;0\r
10.06.2019;02:59;A 87;9;1;0;0\r
10.06.2019;02:59;A 87;10;1;0;0\r
10.06.2019;02:59;A 87;11;1;0;0\r
10.06.2019;02:59;A 87;12;1;0;0\r
10.06.2019;02:59;A 87;13;1;0;0\r
10.06.2019;02:59;A 87;14;1;0;0\r
10.06.2019;02:59;A 87;15;1;0;0\r
10.06.2019;02:59;A 87;16;1;0;0\r
10.06.2019;02:59;A 87;17;1;0;0\r
10.06.2019;02:59;A 87;18;1;0;0\r
10.06.2019;02:59;A 87;19;1;100;0\r
10.06.2019;02:59;A 87;20;1;0;0\r
10.06.2019;02:59;A 87;21;1;0;0\r
10.06.2019;02:59;A 87;22;1;0;0\r
10.06.2019;02:59;A 87;23;1;0;0\r
10.06.2019;02:59;A 87;24;1;0;0\r
10.06.2019;02:59;A 87;25;1;0;0\r
10.06.2019;02:59;A 87;26;1;39;2\r
10.06.2019;02:59;A 88;1;1;0;0\r
10.06.2019;02:59;A 88;2;1;100;0\r
10.06.2019;02:59;A 88;3;1;0;0\r
10.06.2019;02:59;A 88;4;1;0;0\r
10.06.2019;02:59;A 88;5;1;0;0\r
10.06.2019;02:59;A 88;6;1;0;0\r
10.06.2019;02:59;A 88;7;1;1;1\r
10.06.2019;02:59;A 88;8;1;0;0\r
10.06.2019;02:59;A 88;9;1;0;0\r
10.06.2019;02:59;A 88;10;1;27;1\r
10.06.2019;02:59;A 88;11;1;0;0\r
10.06.2019;02:59;A 88;12;1;0;0\r
10.06.2019;02:59;A 88;13;1;0;0\r
10.06.2019;02:59;A 88;14;1;0;0\r
10.06.2019;02:59;A 88;15;1;11;0\r
10.06.2019;02:59;A 88;16;1;0;0\r
10.06.2019;02:59;A 88;17;1;0;0\r
10.06.2019;02:59;A 88;18;1;0;0\r
10.06.2019;02:59;A 88;19;1;0;0\r
10.06.2019;02:59;A 88;20;1;0;0\r
10.06.2019;02:59;A 88;21;1;0;0\r
10.06.2019;02:59;A 88;22;1;53;0\r
10.06.2019;02:59;A 88;23;1;0;0\r
10.06.2019;02:59;A 88;24;1;0;1\r
10.06.2019;02:59;A 88;25;1;0;0\r
10.06.2019;02:59;A 88;26;1;0;0\r
10.06.2019;02:59;A 88;27;1;0;0\r
10.06.2019;02:59;A 88;28;1;0;0\r
10.06.2019;02:59;A 88;29;1;0;0\r
10.06.2019;02:59;A 88;30;1;0;0\r
10.06.2019;02:59;A 88;31;1;0;0\r
10.06.2019;02:59;A 88;32;1;0;0\r
10.06.2019;02:59;A 88;33;1;0;0\r
10.06.2019;02:59;A 88;34;1;0;0\r
10.06.2019;02:59;A 88;35;1;0;0\r
10.06.2019;02:59;A 88;36;1;0;0\r
10.06.2019;02:59;A 88;37;1;0;0\r
10.06.2019;02:59;A 88;38;1;0;0\r
10.06.2019;02:59;A 88;39;1;0;0\r
10.06.2019;02:59;A 88;40;1;0;0\r
10.06.2019;02:59;A 88;41;1;0;0\r
10.06.2019;02:59;A 88;42;1;0;0\r
10.06.2019;02:59;A 90;1;1;0;0\r
10.06.2019;02:59;A 90;2;1;0;0\r
10.06.2019;02:59;A 90;3;1;0;0\r
10.06.2019;02:59;A 90;4;1;0;0\r
10.06.2019;02:59;A 90;5;1;0;0\r
10.06.2019;02:59;A 90;6;1;0;0\r
10.06.2019;02:59;A 90;7;1;0;0\r
10.06.2019;02:59;A 90;8;1;0;0\r
10.06.2019;02:59;A 90;9;1;0;0\r
10.06.2019;02:59;A 90;10;1;0;0\r
10.06.2019;02:59;A 90;11;1;0;0\r
10.06.2019;02:59;A 90;12;1;0;0\r
10.06.2019;02:59;A 90;13;1;0;0\r
10.06.2019;02:59;A 90;14;1;0;0\r
10.06.2019;02:59;A 90;15;1;0;0\r
10.06.2019;02:59;A 90;16;1;0;0\r
10.06.2019;02:59;A 90;17;1;0;0\r
10.06.2019;02:59;A 90;18;1;0;0\r
10.06.2019;02:59;A 90;19;1;0;0\r
10.06.2019;02:59;A 90;20;1;0;0\r
10.06.2019;02:59;A 90;21;1;0;0\r
10.06.2019;02:59;A 94;1;1;0;0\r
10.06.2019;02:59;A 94;2;1;0;0\r
10.06.2019;02:59;A 94;3;1;2;1\r
10.06.2019;02:59;A 94;4;1;0;0\r
10.06.2019;02:59;A 94;5;1;0;0\r
10.06.2019;02:59;A 94;6;1;0;0\r
10.06.2019;02:59;A 94;7;1;0;0\r
10.06.2019;02:59;A 94;8;1;2;1\r
10.06.2019;02:59;A 94;9;1;0;0\r
10.06.2019;02:59;A 94;10;1;0;0\r
10.06.2019;02:59;A 94;11;1;0;0\r
10.06.2019;02:59;A 94;12;1;0;0\r
10.06.2019;02:59;A 94;13;1;0;0\r
10.06.2019;02:59;A 94;14;1;0;0\r
10.06.2019;02:59;A 94;15;1;0;0\r
10.06.2019;02:59;A 94;16;1;0;0\r
10.06.2019;02:59;A 94;17;1;0;0\r
10.06.2019;02:59;A 94;18;1;0;0\r
10.06.2019;02:59;A 94;19;1;0;0\r
10.06.2019;02:59;A 94;20;1;0;0\r
10.06.2019;02:59;A 94;21;1;0;0\r
10.06.2019;02:59;A 94;22;1;0;0\r
10.06.2019;02:59;A 94;23;1;9;3\r
10.06.2019;02:59;A 95;18;1;0;0\r
10.06.2019;02:59;A 95;19;1;0;0\r
10.06.2019;02:59;A 95;20;1;0;0\r
10.06.2019;02:59;A 95;21;1;0;0\r
10.06.2019;02:59;A 95;22;1;0;0\r
10.06.2019;02:59;A 95;23;1;55;1\r
10.06.2019;02:59;A 95;24;1;41;1\r
10.06.2019;02:59;A 95;25;1;0;0\r
10.06.2019;02:59;A 95;26;1;0;0\r
10.06.2019;02:59;A 95;27;1;0;0\r
10.06.2019;02:59;A 95;28;1;0;0\r
10.06.2019;02:59;A 96;1;1;1;1\r
10.06.2019;02:59;A 96;2;1;0;0\r
10.06.2019;02:59;A 96;3;1;0;0\r
10.06.2019;02:59;A 96;4;1;0;0\r
10.06.2019;02:59;A 96;5;1;0;0\r
10.06.2019;02:59;A 96;6;1;1;1\r
10.06.2019;02:59;A 96;7;1;0;0\r
10.06.2019;02:59;A 96;8;1;0;0\r
10.06.2019;02:59;A 96;9;1;0;0\r
10.06.2019;02:59;A 96;10;1;0;0\r
10.06.2019;02:59;A 97;1;1;0;0\r
10.06.2019;02:59;A 97;2;1;0;0\r
10.06.2019;02:59;A 97;3;1;0;0\r
10.06.2019;02:59;A 97;4;1;1;1\r
10.06.2019;02:59;A 97;5;1;0;0\r
10.06.2019;02:59;A 97;6;1;5;1\r
10.06.2019;02:59;A 97;7;1;0;0\r
10.06.2019;02:59;A 97;8;1;0;0\r
10.06.2019;02:59;A 97;9;1;0;0\r
10.06.2019;02:59;A 97;10;1;0;0\r
10.06.2019;02:59;A 97;11;1;0;0\r
10.06.2019;02:59;A 97;12;1;0;0\r
10.06.2019;02:59;A 97;13;1;0;0\r
10.06.2019;02:59;A 97;14;1;0;0\r
10.06.2019;02:59;A 97;15;1;0;0\r
10.06.2019;02:59;A 97;16;1;0;0\r
10.06.2019;02:59;A 97;17;1;0;0\r
10.06.2019;02:59;A 97;18;1;0;1\r
10.06.2019;02:59;A 97;19;1;0;0\r
10.06.2019;02:59;A 97;20;1;0;0\r
10.06.2019;02:59;A 97;21;1;0;0\r
10.06.2019;02:59;A 97;22;1;0;0\r
10.06.2019;02:59;A 97;23;1;0;0\r
10.06.2019;02:59;A 97;24;1;0;0\r
10.06.2019;02:59;A 97;25;1;0;0\r
10.06.2019;02:59;A 97;26;1;0;0\r
10.06.2019;02:59;A 97;27;1;0;0\r
10.06.2019;02:59;A 97;28;1;0;0\r
10.06.2019;02:59;A 97;29;1;0;0\r
10.06.2019;02:59;A 97;30;1;0;0\r
10.06.2019;02:59;A 97;31;1;0;0\r
10.06.2019;02:59;A 97;32;1;0;0\r
10.06.2019;02:59;A 97;33;1;0;0\r
10.06.2019;02:59;A 97;34;1;0;0\r
10.06.2019;02:59;A 97;35;1;0;0\r
10.06.2019;02:59;A 97;36;1;0;0\r
10.06.2019;02:59;A 98;1;1;0;0\r
10.06.2019;02:59;A 98;2;1;0;0\r
10.06.2019;02:59;A 98;3;1;0;0\r
10.06.2019;02:59;A 98;4;1;0;0\r
10.06.2019;02:59;A 98;5;1;0;0\r
10.06.2019;02:59;A 98;6;1;0;0\r
10.06.2019;02:59;A 98;7;1;0;0\r
10.06.2019;02:59;A 98;8;1;0;0\r
10.06.2019;02:59;A 98;9;1;0;0\r
10.06.2019;02:59;A 98;10;1;0;0\r
10.06.2019;02:59;A 98;11;1;0;0\r
10.06.2019;02:59;A 98;12;1;0;0\r
10.06.2019;02:59;A 98;13;1;0;0\r
10.06.2019;02:59;A 98;14;1;0;0\r
10.06.2019;02:59;A 98;15;1;3;1\r
10.06.2019;02:59;A 98;16;1;2;1\r
10.06.2019;02:59;A 98;17;1;6;2\r
10.06.2019;02:59;A 98;18;1;0;0\r
10.06.2019;02:59;A 98;19;1;0;0\r
10.06.2019;02:59;A 98;20;1;0;0\r
10.06.2019;02:59;A 98;21;1;0;0\r
10.06.2019;02:59;A 98;22;1;0;0\r
10.06.2019;02:59;A 98;23;1;0;0\r
10.06.2019;02:59;A 98;24;1;0;0\r
10.06.2019;02:59;A 98;25;1;0;0\r
10.06.2019;02:59;A 98;26;1;0;0\r
10.06.2019;02:59;A 98;27;1;0;0\r
10.06.2019;02:59;A 98;28;1;0;0\r
10.06.2019;02:59;A 98;29;1;0;0\r
10.06.2019;02:59;A 98;30;1;0;0\r
10.06.2019;02:59;A 98;31;1;0;0\r
10.06.2019;02:59;A 98;32;1;0;0\r
10.06.2019;02:59;A 98;33;1;0;0\r
10.06.2019;02:59;A 98;34;1;0;0\r
10.06.2019;02:59;A 98;35;1;0;0\r
10.06.2019;02:59;A 98;36;1;0;0\r
10.06.2019;02:59;A 99;1;1;0;0\r
10.06.2019;02:59;A 99;2;1;0;0\r
10.06.2019;02:59;A 99;3;1;0;0\r
10.06.2019;02:59;A 99;4;1;0;0\r
10.06.2019;02:59;A 99;5;1;0;0\r
10.06.2019;02:59;A 99;6;1;0;0\r
10.06.2019;02:59;A 99;7;1;0;0\r
10.06.2019;02:59;A 99;8;1;0;0\r
10.06.2019;02:59;A 99;9;1;0;0\r
10.06.2019;02:59;A 99;10;1;0;0\r
10.06.2019;02:59;A 99;11;1;0;0\r
10.06.2019;02:59;A 99;12;1;0;0\r
10.06.2019;02:59;A 99;13;1;0;0\r
10.06.2019;02:59;A 99;14;1;0;0\r
10.06.2019;02:59;A 99;15;1;0;0\r
10.06.2019;02:59;A 99;16;1;1;1\r
10.06.2019;02:59;A100;1;1;0;0\r
10.06.2019;02:59;A100;2;1;0;0\r
10.06.2019;02:59;A100;3;1;0;0\r
10.06.2019;02:59;A100;4;1;0;0\r
10.06.2019;02:59;A100;5;1;0;0\r
10.06.2019;02:59;A100;6;1;0;0\r
10.06.2019;02:59;A100;7;1;0;0\r
10.06.2019;02:59;A100;8;1;0;0\r
10.06.2019;02:59;A100;9;1;0;0\r
10.06.2019;02:59;A100;10;1;0;0\r
10.06.2019;02:59;A100;11;1;0;0\r
10.06.2019;02:59;A100;12;1;0;0\r
10.06.2019;02:59;A100;13;1;0;0\r
10.06.2019;02:59;A101;1;1;0;0\r
10.06.2019;02:59;A101;2;1;0;0\r
10.06.2019;02:59;A101;3;1;0;0\r
10.06.2019;02:59;A101;4;1;0;0\r
10.06.2019;02:59;A101;5;1;0;0\r
10.06.2019;02:59;A101;6;1;0;0\r
10.06.2019;02:59;A101;7;1;0;0\r
10.06.2019;02:59;A101;8;1;0;0\r
10.06.2019;02:59;A101;9;1;0;0\r
10.06.2019;02:59;A101;10;1;0;0\r
10.06.2019;02:59;A101;11;1;0;0\r
10.06.2019;02:59;A101;12;1;0;0\r
10.06.2019;02:59;A101;13;1;0;0\r
10.06.2019;02:59;A101;14;1;0;0\r
10.06.2019;02:59;A101;15;1;0;0\r
10.06.2019;02:59;A101;16;1;0;0\r
10.06.2019;02:59;A101;17;1;0;0\r
10.06.2019;02:59;A101;18;1;0;0\r
10.06.2019;02:59;A101;19;1;0;0\r
10.06.2019;02:59;A101;20;1;0;0\r
10.06.2019;02:59;A101;21;1;0;0\r
10.06.2019;02:59;A102;1;1;0;0\r
10.06.2019;02:59;A102;2;1;0;0\r
10.06.2019;02:59;A102;3;1;0;0\r
10.06.2019;02:59;A102;4;1;0;0\r
10.06.2019;02:59;A102;5;1;0;0\r
10.06.2019;02:59;A102;6;1;0;0\r
10.06.2019;02:59;A102;7;1;0;0\r
10.06.2019;02:59;A103;1;1;0;0\r
10.06.2019;02:59;A103;2;1;0;0\r
10.06.2019;02:59;A103;3;1;0;0\r
10.06.2019;02:59;A103;4;1;0;0\r
10.06.2019;02:59;A103;5;1;100;0\r
10.06.2019;02:59;A103;6;1;0;0\r
10.06.2019;02:59;A103;7;1;0;0\r
10.06.2019;02:59;A103;8;1;0;0\r
10.06.2019;02:59;A103;9;1;0;0\r
10.06.2019;02:59;A103;10;1;100;0\r
10.06.2019;02:59;A103;11;1;100;0\r
10.06.2019;02:59;A103;12;1;100;0\r
10.06.2019;02:59;A104;1;1;0;0\r
10.06.2019;02:59;A104;2;1;0;0\r
10.06.2019;02:59;A104;3;1;0;0\r
10.06.2019;02:59;A104;4;1;0;0\r
10.06.2019;02:59;A104;5;1;0;0\r
10.06.2019;02:59;A104;6;1;0;0\r
10.06.2019;02:59;A104;7;1;0;0\r
10.06.2019;02:59;A104;8;1;0;0\r
10.06.2019;02:59;A104;9;1;0;0\r
10.06.2019;02:59;A104;10;1;0;0\r
10.06.2019;02:59;A104;11;1;0;0\r
10.06.2019;02:59;A104;12;1;0;0\r
10.06.2019;02:59;A104;13;1;0;0\r
10.06.2019;02:59;A104;14;1;0;0\r
10.06.2019;02:59;A104;15;1;0;0\r
10.06.2019;02:59;A104;16;1;0;0\r
10.06.2019;02:59;A104;17;1;0;0\r
10.06.2019;02:59;A104;18;1;1;1\r
10.06.2019;02:59;A104;19;1;0;0\r
10.06.2019;02:59;A104;20;1;0;0\r
10.06.2019;02:59;A104;21;1;0;0\r
10.06.2019;02:59;A104;22;1;0;0\r
10.06.2019;02:59;A104;23;1;0;0\r
10.06.2019;02:59;A104;24;1;0;0\r
10.06.2019;02:59;A104;25;1;0;0\r
10.06.2019;02:59;A104;26;1;0;0\r
10.06.2019;02:59;A104;27;1;0;0\r
10.06.2019;02:59;A104;28;1;100;0\r
10.06.2019;02:59;A104;29;1;100;0\r
10.06.2019;02:59;A104;30;1;100;0\r
10.06.2019;02:59;A104;31;1;100;0\r
10.06.2019;02:59;A104;32;1;100;0\r
10.06.2019;02:59;A104;33;1;100;0\r
10.06.2019;02:59;A104;34;1;0;0\r
10.06.2019;02:59;A104;35;1;0;0\r
10.06.2019;02:59;A105;1;1;0;0\r
10.06.2019;02:59;A107;1;1;100;0\r
10.06.2019;02:59;A107;2;1;0;0\r
10.06.2019;02:59;A107;3;1;0;0\r
10.06.2019;02:59;A107;4;1;0;0\r
10.06.2019;02:59;A107;5;1;0;0\r
10.06.2019;02:59;A107;6;1;0;0\r
10.06.2019;02:59;A107;7;1;0;0\r
10.06.2019;02:59;A107;8;1;0;0\r
10.06.2019;02:59;A107;9;1;0;0\r
10.06.2019;02:59;A107;10;1;0;0\r
10.06.2019;02:59;A107;11;1;0;0\r
10.06.2019;02:59;A107;12;1;0;0\r
10.06.2019;02:59;A107;13;1;0;0\r
10.06.2019;02:59;A107;14;1;0;0\r
10.06.2019;02:59;A107;15;1;0;0\r
10.06.2019;02:59;A107;16;1;0;0\r
10.06.2019;02:59;A107;17;1;0;0\r
10.06.2019;02:59;A107;18;1;0;0\r
10.06.2019;02:59;A107;19;1;0;0\r
10.06.2019;02:59;A107;20;1;0;0\r
10.06.2019;02:59;A107;21;1;0;0\r
10.06.2019;02:59;A108;1;1;0;0\r
10.06.2019;02:59;A108;2;1;0;0\r
10.06.2019;02:59;A108;3;1;0;0\r
10.06.2019;02:59;A108;4;1;0;0\r
10.06.2019;02:59;A108;5;1;0;0\r
10.06.2019;02:59;A108;6;1;0;0\r
10.06.2019;02:59;A110;1;1;0;0\r
10.06.2019;02:59;A110;2;1;0;0\r
10.06.2019;02:59;A110;3;1;0;0\r
10.06.2019;02:59;A110;4;1;0;0\r
10.06.2019;02:59;A110;5;1;0;0\r
10.06.2019;02:59;A110;6;1;0;0\r
10.06.2019;02:59;A110;7;1;0;0\r
10.06.2019;02:59;A110;8;1;0;0\r
10.06.2019;02:59;A110;9;1;0;0\r
10.06.2019;02:59;A110;12;1;0;0\r
10.06.2019;02:59;A110;13;1;0;0\r
10.06.2019;02:59;A110;14;1;0;0\r
10.06.2019;02:59;A110;15;1;0;0\r
10.06.2019;02:59;A110;16;1;0;0\r
10.06.2019;02:59;A111;1;1;1;1\r
10.06.2019;02:59;A111;2;1;2;1\r
10.06.2019;02:59;A111;3;1;1;1\r
10.06.2019;02:59;A111;4;1;0;0\r
10.06.2019;02:59;A111;5;1;0;0\r
10.06.2019;02:59;A111;6;1;0;0\r
10.06.2019;02:59;A111;7;1;0;0\r
10.06.2019;02:59;A112;1;1;0;0\r
10.06.2019;02:59;A112;2;1;0;0\r
10.06.2019;02:59;A112;3;1;0;0\r
10.06.2019;02:59;A112;4;1;0;0\r
10.06.2019;02:59;A112;5;1;0;0\r
10.06.2019;02:59;A112;6;1;0;0\r
10.06.2019;02:59;A112;7;1;0;0\r
10.06.2019;02:59;A112;8;1;0;0\r
10.06.2019;02:59;A112;9;1;0;0\r
10.06.2019;02:59;A112;10;1;0;0\r
10.06.2019;02:59;A113;1;1;0;0\r
10.06.2019;02:59;A113;2;1;0;0\r
10.06.2019;02:59;A113;3;1;0;0\r
10.06.2019;02:59;A113;4;1;0;0\r
10.06.2019;02:59;A113;25;1;0;0\r
10.06.2019;02:59;A113;26;1;0;0\r
10.06.2019;02:59;A113;27;1;0;0\r
10.06.2019;02:59;A113;28;1;0;0\r
10.06.2019;02:59;A113;29;1;0;0\r
10.06.2019;02:59;A113;30;1;0;0\r
10.06.2019;02:59;A113;31;1;0;0\r
10.06.2019;02:59;A116;1;1;0;0\r
10.06.2019;02:59;A116;2;1;0;0\r
10.06.2019;02:59;A116;3;1;0;0\r
10.06.2019;02:59;A116;4;1;0;0\r
10.06.2019;02:59;A116;7;1;0;0\r
10.06.2019;02:59;A116;12;1;0;0\r
10.06.2019;02:59;A117;1;1;0;0\r
10.06.2019;02:59;A117;2;1;0;0\r
10.06.2019;02:59;A117;3;1;3;3\r
10.06.2019;02:59;A117;4;1;0;0\r
10.06.2019;02:59;A117;5;1;0;1\r
10.06.2019;02:59;A117;9;1;0;0\r
10.06.2019;02:59;A117;10;1;0;0\r
10.06.2019;02:59;A117;11;1;0;0\r
10.06.2019;02:59;A117;12;1;100;0\r
10.06.2019;02:59;A117;13;1;0;0\r
10.06.2019;02:59;A117;14;1;0;0\r
10.06.2019;02:59;A117;15;1;0;0\r
10.06.2019;02:59;A117;16;1;0;0\r
10.06.2019;02:59;A117;17;1;0;0\r
10.06.2019;02:59;A117;18;1;0;0\r
10.06.2019;02:59;A118;1;1;2;1\r
10.06.2019;02:59;A118;2;1;3;4\r
10.06.2019;02:59;A118;3;1;0;0\r
10.06.2019;02:59;A118;4;1;0;0\r
10.06.2019;02:59;A118;5;1;0;0\r
10.06.2019;02:59;A118;6;1;0;0\r
10.06.2019;02:59;A118;7;1;0;0\r
10.06.2019;02:59;A118;8;1;0;0\r
10.06.2019;02:59;A118;9;1;0;0\r
10.06.2019;02:59;A118;10;1;0;0\r
10.06.2019;02:59;A125;1;1;0;0\r
10.06.2019;02:59;A125;2;1;0;0\r
10.06.2019;02:59;A125;3;1;0;0\r
10.06.2019;02:59;A125;4;1;0;0\r
10.06.2019;02:59;A125;5;1;0;0\r
10.06.2019;02:59;A125;6;1;0;0\r
10.06.2019;02:59;A125;7;1;0;0\r
10.06.2019;02:59;A125;8;1;0;0\r
10.06.2019;02:59;A126;1;1;0;0\r
10.06.2019;02:59;A126;2;1;0;0\r
10.06.2019;02:59;A126;3;1;0;0\r
10.06.2019;02:59;A126;4;1;0;0\r
10.06.2019;02:59;A126;5;1;0;0\r
10.06.2019;02:59;A126;6;1;0;0\r
10.06.2019;02:59;A126;7;1;0;0\r
10.06.2019;02:59;A126;8;1;0;0\r
10.06.2019;02:59;A126;9;1;0;0\r
10.06.2019;02:59;A126;10;1;0;0\r
10.06.2019;02:59;A126;11;1;0;0\r
10.06.2019;02:59;A126;12;1;0;0\r
10.06.2019;02:59;A126;13;1;0;0\r
10.06.2019;02:59;A126;14;1;0;0\r
10.06.2019;02:59;A126;15;1;0;0\r
10.06.2019;02:59;A127;1;1;0;0\r
10.06.2019;02:59;A127;2;1;2;2\r
10.06.2019;02:59;A127;3;1;0;0\r
10.06.2019;02:59;A127;4;1;0;0\r
10.06.2019;02:59;A127;5;1;0;0\r
10.06.2019;02:59;A127;6;1;0;0\r
10.06.2019;02:59;A130;1;1;0;0\r
10.06.2019;02:59;A130;2;1;0;0\r
10.06.2019;02:59;A130;3;1;0;0\r
10.06.2019;02:59;A130;4;1;0;0\r
10.06.2019;02:59;A130;5;1;0;0\r
10.06.2019;02:59;A131;1;1;1;1\r
10.06.2019;02:59;A131;2;1;100;0\r
10.06.2019;02:59;A131;3;1;0;0\r
10.06.2019;02:59;A131;4;1;0;0\r
10.06.2019;02:59;A131;5;1;0;0\r
10.06.2019;02:59;A131;6;1;0;0\r
10.06.2019;02:59;A131;7;1;0;0\r
10.06.2019;02:59;A131;8;1;0;0\r
10.06.2019;02:59;A131;9;1;0;0\r
10.06.2019;02:59;A131;10;1;0;0\r
10.06.2019;02:59;A131;11;1;0;0\r
10.06.2019;02:59;A131;12;1;0;0\r
10.06.2019;02:59;A131;13;1;0;0\r
10.06.2019;02:59;A131;14;1;0;0\r
10.06.2019;02:59;A134;1;1;0;0\r
10.06.2019;02:59;A134;2;1;0;0\r
10.06.2019;02:59;A134;3;1;0;0\r
10.06.2019;02:59;A134;4;1;0;0\r
10.06.2019;02:59;A134;5;1;0;0\r
10.06.2019;02:59;A134;6;1;0;0\r
10.06.2019;02:59;A134;7;1;0;0\r
10.06.2019;02:59;A134;8;1;0;0\r
10.06.2019;02:59;A134;9;1;0;0\r
10.06.2019;02:59;A134;10;1;0;0\r
10.06.2019;02:59;A134;11;1;0;0\r
10.06.2019;02:59;A135;1;1;0;0\r
10.06.2019;02:59;A135;2;1;0;0\r
10.06.2019;02:59;A135;3;1;0;0\r
10.06.2019;02:59;A135;4;1;0;0\r
10.06.2019;02:59;A135;5;1;0;0\r
10.06.2019;02:59;A135;6;1;0;0\r
10.06.2019;02:59;A136;1;1;0;0\r
10.06.2019;02:59;A136;2;1;0;0\r
10.06.2019;02:59;A136;3;1;0;0\r
10.06.2019;02:59;A136;4;1;0;0\r
10.06.2019;02:59;A136;5;1;0;0\r
10.06.2019;02:59;A136;6;1;0;0\r
10.06.2019;02:59;A136;7;1;0;0\r
10.06.2019;02:59;A136;8;1;0;0\r
10.06.2019;02:59;A136;9;1;0;0\r
10.06.2019;02:59;A136;10;1;0;0\r
10.06.2019;02:59;A136;11;1;0;0\r
10.06.2019;02:59;A136;12;1;0;0\r
10.06.2019;02:59;A137;1;1;0;0\r
10.06.2019;02:59;A137;2;1;0;0\r
10.06.2019;02:59;A137;3;1;0;0\r
10.06.2019;02:59;A137;4;1;0;0\r
10.06.2019;02:59;A137;5;1;0;0\r
10.06.2019;02:59;A137;6;1;0;0\r
10.06.2019;02:59;A137;7;1;0;0\r
10.06.2019;02:59;A137;8;1;0;0\r
10.06.2019;02:59;A137;9;1;0;0\r
10.06.2019;02:59;A137;10;1;0;0\r
10.06.2019;02:59;A137;11;1;0;0\r
10.06.2019;02:59;A137;12;1;0;0\r
10.06.2019;02:59;A137;13;1;1;1\r
10.06.2019;02:59;A137;14;1;0;0\r
10.06.2019;02:59;A137;15;1;0;0\r
10.06.2019;02:59;A137;16;1;0;0\r
10.06.2019;02:59;A137;17;1;0;0\r
10.06.2019;02:59;A137;18;1;0;0\r
10.06.2019;02:59;A137;19;1;0;0\r
10.06.2019;02:59;A137;20;1;0;0\r
10.06.2019;02:59;A137;21;1;0;0\r
10.06.2019;02:59;A137;22;1;0;0\r
10.06.2019;02:59;A137;23;1;0;0\r
10.06.2019;02:59;A137;33;1;0;0\r
10.06.2019;02:59;A137;34;1;0;0\r
10.06.2019;02:59;A137;35;1;0;0\r
10.06.2019;02:59;A137;36;1;0;0\r
10.06.2019;02:59;A137;37;1;0;0\r
10.06.2019;02:59;A137;38;1;0;0\r
10.06.2019;02:59;A137;39;1;1;2\r
10.06.2019;02:59;A137;40;1;0;0\r
10.06.2019;02:59;A137;41;1;0;0\r
10.06.2019;02:59;A137;42;1;0;0\r
10.06.2019;02:59;A137;43;1;0;0\r
10.06.2019;02:59;A137;44;1;0;0\r
10.06.2019;02:59;A137;45;1;0;0\r
10.06.2019;02:59;A137;46;1;0;0\r
10.06.2019;02:59;A137;47;1;0;0\r
10.06.2019;02:59;A137;48;1;0;0\r
10.06.2019;02:59;A137;49;1;0;0\r
10.06.2019;02:59;A137;50;1;0;0\r
10.06.2019;02:59;A137;51;1;0;0\r
10.06.2019;02:59;A137;52;1;0;0\r
10.06.2019;02:59;A137;53;1;0;0\r
10.06.2019;02:59;A137;54;1;0;0\r
10.06.2019;02:59;A137;55;1;0;0\r
10.06.2019;02:59;A137;56;1;0;0\r
10.06.2019;02:59;A137;57;1;0;0\r
10.06.2019;02:59;A137;58;1;0;1\r
10.06.2019;02:59;A137;59;1;0;0\r
10.06.2019;02:59;A137;60;1;0;0\r
10.06.2019;02:59;A137;61;1;0;0\r
10.06.2019;02:59;A137;62;1;0;0\r
10.06.2019;02:59;A137;63;1;0;0\r
10.06.2019;02:59;A137;64;1;0;0\r
10.06.2019;02:59;A139;1;1;0;0\r
10.06.2019;02:59;A139;2;1;0;0\r
10.06.2019;02:59;A141;1;1;11;1\r
10.06.2019;02:59;A141;2;1;11;1\r
10.06.2019;02:59;A141;3;1;3;1\r
10.06.2019;02:59;A141;4;1;2;2\r
10.06.2019;02:59;A141;5;1;0;0\r
10.06.2019;02:59;A141;6;1;11;1\r
10.06.2019;02:59;A141;7;1;2;1\r
10.06.2019;02:59;A141;8;1;0;0\r
10.06.2019;02:59;A141;9;1;0;0\r
10.06.2019;02:59;A141;10;1;0;0\r
10.06.2019;02:59;A141;11;1;0;0\r
10.06.2019;02:59;A141;12;1;0;0\r
10.06.2019;02:59;A141;13;1;0;0\r
10.06.2019;02:59;A141;14;1;0;0\r
10.06.2019;02:59;A141;15;1;0;0\r
10.06.2019;02:59;A141;16;1;0;0\r
10.06.2019;02:59;A141;17;1;0;0\r
10.06.2019;02:59;A141;18;1;0;0\r
10.06.2019;02:59;A141;19;1;0;0\r
10.06.2019;02:59;A141;20;1;0;0\r
10.06.2019;02:59;A141;21;1;0;0\r
10.06.2019;02:59;A141;22;1;100;0\r
10.06.2019;02:59;A141;23;1;100;0\r
10.06.2019;02:59;A141;24;1;100;0\r
10.06.2019;02:59;A142;1;1;0;0\r
10.06.2019;02:59;A142;2;1;0;0\r
10.06.2019;02:59;A142;3;1;0;0\r
10.06.2019;02:59;A142;4;1;0;0\r
10.06.2019;02:59;A142;5;1;100;0\r
10.06.2019;02:59;A142;6;1;100;0\r
10.06.2019;02:59;A142;7;1;100;0\r
10.06.2019;02:59;A142;8;1;100;0\r
10.06.2019;02:59;A142;9;1;0;0\r
10.06.2019;02:59;A142;10;1;0;0\r
10.06.2019;02:59;A142;11;1;0;0\r
10.06.2019;02:59;A142;12;1;100;0\r
10.06.2019;02:59;A142;13;1;100;0\r
10.06.2019;02:59;A142;14;1;100;0\r
10.06.2019;02:59;A142;15;1;100;0\r
10.06.2019;02:59;A142;16;1;100;0\r
10.06.2019;02:59;A142;17;1;0;0\r
10.06.2019;02:59;A142;18;1;0;0\r
10.06.2019;02:59;A142;19;1;0;0\r
10.06.2019;02:59;A142;20;1;0;0\r
10.06.2019;02:59;A142;21;1;0;0\r
10.06.2019;02:59;A142;22;1;0;0\r
10.06.2019;02:59;A142;23;1;0;0\r
10.06.2019;02:59;A142;24;1;0;0\r
10.06.2019;02:59;A142;25;1;0;0\r
10.06.2019;02:59;A142;26;1;0;0\r
10.06.2019;02:59;A142;27;1;0;0\r
10.06.2019;02:59;A142;28;1;0;0\r
10.06.2019;02:59;A142;29;1;0;0\r
10.06.2019;02:59;A144;1;1;0;0\r
10.06.2019;02:59;A144;2;1;0;2\r
10.06.2019;02:59;A144;3;1;5;2\r
10.06.2019;02:59;A144;4;1;0;0\r
10.06.2019;02:59;A144;5;1;0;0\r
10.06.2019;02:59;A144;6;1;0;0\r
10.06.2019;02:59;A144;7;1;0;0\r
10.06.2019;02:59;A144;8;1;0;0\r
10.06.2019;02:59;A144;9;1;0;0\r
10.06.2019;02:59;A144;10;1;0;0\r
10.06.2019;02:59;A144;11;1;0;0\r
10.06.2019;02:59;A144;12;1;0;0\r
10.06.2019;02:59;A144;13;1;0;0\r
10.06.2019;02:59;A144;14;1;0;0\r
10.06.2019;02:59;A144;15;1;0;0\r
10.06.2019;02:59;A144;16;1;0;0\r
10.06.2019;02:59;A144;17;1;0;0\r
10.06.2019;02:59;A144;19;1;0;0\r
10.06.2019;02:59;A144;21;1;0;0\r
10.06.2019;02:59;A144;22;1;0;0\r
10.06.2019;02:59;A144;23;1;0;0\r
10.06.2019;02:59;A145;1;1;0;0\r
10.06.2019;02:59;A146;1;1;0;0\r
10.06.2019;02:59;A146;2;1;0;0\r
10.06.2019;02:59;A146;3;1;0;0\r
10.06.2019;02:59;A146;4;1;0;0\r
10.06.2019;02:59;A146;5;1;0;0\r
10.06.2019;02:59;A146;6;1;0;0\r
10.06.2019;02:59;A146;7;1;0;1\r
10.06.2019;02:59;A146;8;1;5;1\r
10.06.2019;02:59;A146;9;1;0;0\r
10.06.2019;02:59;A146;10;1;0;0\r
10.06.2019;02:59;A146;11;1;1;1\r
10.06.2019;02:59;A146;12;1;10;1\r
10.06.2019;02:59;A146;13;1;9;0\r
10.06.2019;02:59;A146;14;1;1;0\r
10.06.2019;02:59;A146;15;1;0;0\r
10.06.2019;02:59;A146;16;1;0;0\r
10.06.2019;02:59;A146;17;1;0;0\r
10.06.2019;02:59;A146;18;1;0;0\r
10.06.2019;02:59;A146;19;1;0;0\r
10.06.2019;02:59;A146;20;1;0;0\r
10.06.2019;02:59;A146;21;1;0;0\r
10.06.2019;02:59;A146;22;1;0;0\r
10.06.2019;02:59;A146;23;1;0;0\r
10.06.2019;02:59;A146;24;1;0;0\r
10.06.2019;02:59;A146;25;1;0;0\r
10.06.2019;02:59;A147;1;1;0;0\r
10.06.2019;02:59;A147;2;1;0;0\r
10.06.2019;02:59;A147;3;1;0;0\r
10.06.2019;02:59;A147;4;1;0;0\r
10.06.2019;02:59;A147;5;1;0;0\r
10.06.2019;02:59;A147;6;1;0;0\r
10.06.2019;02:59;A147;7;1;1;2\r
10.06.2019;02:59;A147;8;1;0;0\r
10.06.2019;02:59;A147;9;1;0;0\r
10.06.2019;02:59;A147;10;1;7;3\r
10.06.2019;02:59;A147;11;1;0;0\r
10.06.2019;02:59;A147;12;1;0;0\r
10.06.2019;02:59;A147;13;1;0;0\r
10.06.2019;02:59;A147;14;1;0;0\r
10.06.2019;02:59;A147;15;1;0;0\r
10.06.2019;02:59;A147;16;1;0;0\r
10.06.2019;02:59;A147;17;1;0;0\r
10.06.2019;02:59;A147;18;1;0;0\r
10.06.2019;02:59;A147;19;1;0;0\r
10.06.2019;02:59;A147;20;1;0;0\r
10.06.2019;02:59;A147;21;1;0;0\r
10.06.2019;02:59;A147;22;1;0;0\r
10.06.2019;02:59;A147;23;1;0;0\r
10.06.2019;02:59;A147;24;1;0;0\r
10.06.2019;02:59;A147;25;1;0;0\r
10.06.2019;02:59;A147;26;1;0;0\r
10.06.2019;02:59;A147;27;1;0;0\r
10.06.2019;02:59;A147;28;1;0;0\r
10.06.2019;02:59;A147;29;1;0;0\r
10.06.2019;02:59;A147;30;1;0;0\r
10.06.2019;02:59;A147;31;1;0;0\r
10.06.2019;02:59;A147;32;1;0;0\r
10.06.2019;02:59;A147;33;1;0;0\r
10.06.2019;02:59;A147;34;1;0;0\r
10.06.2019;02:59;A147;35;1;0;0\r
10.06.2019;02:59;A147;36;1;0;0\r
10.06.2019;02:59;A147;37;1;0;0\r
10.06.2019;02:59;A147;38;1;0;0\r
10.06.2019;02:59;A147;39;1;0;0\r
10.06.2019;02:59;A147;40;1;0;0\r
10.06.2019;02:59;A147;41;1;0;0\r
10.06.2019;02:59;A147;42;1;0;0\r
10.06.2019;02:59;A147;43;1;0;0\r
10.06.2019;02:59;A147;44;1;0;0\r
10.06.2019;02:59;A147;45;1;0;0\r
10.06.2019;02:59;A147;46;1;0;0\r
10.06.2019;02:59;A147;47;1;0;0\r
10.06.2019;02:59;A147;48;1;0;0\r
10.06.2019;02:59;A147;49;1;0;0\r
10.06.2019;02:59;A147;50;1;0;0\r
10.06.2019;02:59;A147;51;1;0;0\r
10.06.2019;02:59;A147;52;1;100;0\r
10.06.2019;02:59;A147;53;1;100;0\r
10.06.2019;02:59;A147;54;1;100;0\r
10.06.2019;02:59;A147;55;1;100;0\r
10.06.2019;02:59;A149;1;1;0;0\r
10.06.2019;02:59;A149;2;1;0;0\r
10.06.2019;02:59;A149;3;1;0;0\r
10.06.2019;02:59;A149;4;1;0;0\r
10.06.2019;02:59;A149;5;1;0;0\r
10.06.2019;02:59;A149;6;1;0;0\r
10.06.2019;02:59;A150;1;1;0;0\r
10.06.2019;02:59;A150;2;1;0;0\r
10.06.2019;02:59;A150;3;1;0;0\r
10.06.2019;02:59;A150;4;1;0;0\r
10.06.2019;02:59;A150;5;1;0;0\r
10.06.2019;02:59;A151;6;1;0;0\r
10.06.2019;02:59;A151;7;1;0;0\r
10.06.2019;02:59;A153;1;1;0;0\r
10.06.2019;02:59;A153;2;1;0;0\r
10.06.2019;02:59;A153;3;1;0;0\r
10.06.2019;02:59;A153;4;1;0;0\r
10.06.2019;02:59;A153;5;1;0;0\r
10.06.2019;02:59;A153;6;1;0;0\r
10.06.2019;02:59;A153;7;1;0;0\r
10.06.2019;02:59;A153;8;1;0;0\r
10.06.2019;02:59;A153;9;1;0;0\r
10.06.2019;02:59;A153;10;1;0;0\r
10.06.2019;02:59;A153;11;1;100;0\r
10.06.2019;02:59;A154;1;1;0;0\r
10.06.2019;02:59;A154;2;1;0;0\r
10.06.2019;02:59;A154;3;1;0;0\r
10.06.2019;02:59;A154;4;1;5;1\r
10.06.2019;02:59;A154;5;1;0;0\r
10.06.2019;02:59;A154;6;1;0;0\r
10.06.2019;02:59;A154;7;1;0;0\r
10.06.2019;02:59;A154;8;1;0;0\r
10.06.2019;02:59;A154;9;1;0;0\r
10.06.2019;02:59;A154;10;1;0;0\r
10.06.2019;02:59;A154;11;1;0;0\r
10.06.2019;02:59;A154;12;1;0;0\r
10.06.2019;02:59;A154;13;1;0;0\r
10.06.2019;02:59;A154;14;1;0;0\r
10.06.2019;02:59;A154;15;1;0;0\r
10.06.2019;02:59;A154;16;1;0;0\r
10.06.2019;02:59;A154;17;1;0;0\r
10.06.2019;02:59;A154;18;1;0;0\r
10.06.2019;02:59;A154;19;1;0;0\r
10.06.2019;02:59;A155;1;1;0;0\r
10.06.2019;02:59;A155;2;1;0;0\r
10.06.2019;02:59;A155;3;1;0;0\r
10.06.2019;02:59;A155;4;1;0;0\r
10.06.2019;02:59;A155;5;1;0;0\r
10.06.2019;02:59;A155;6;1;0;0\r
10.06.2019;02:59;A155;7;1;0;0\r
10.06.2019;02:59;A155;8;1;0;0\r
10.06.2019;02:59;A155;9;1;0;0\r
10.06.2019;02:59;A155;10;1;0;0\r
10.06.2019;02:59;A155;11;1;0;0\r
10.06.2019;02:59;A155;12;1;0;0\r
10.06.2019;02:59;A155;13;1;0;0\r
10.06.2019;02:59;A155;14;1;0;0\r
10.06.2019;02:59;A155;15;1;0;0\r
10.06.2019;02:59;A155;16;1;0;0\r
10.06.2019;02:59;A155;17;1;0;0\r
10.06.2019;02:59;A155;18;1;0;0\r
10.06.2019;02:59;A155;19;1;0;0\r
10.06.2019;02:59;A155;20;1;0;0\r
10.06.2019;02:59;A155;21;1;0;0\r
10.06.2019;02:59;A155;22;1;0;0\r
10.06.2019;02:59;A155;23;1;0;0\r
10.06.2019;02:59;A155;24;1;0;0\r
10.06.2019;02:59;A155;25;1;0;0\r
10.06.2019;02:59;A155;26;1;0;0\r
10.06.2019;02:59;A155;27;1;0;0\r
10.06.2019;02:59;A155;28;1;0;0\r
10.06.2019;02:59;A159;1;1;0;0\r
10.06.2019;02:59;A159;2;1;0;0\r
10.06.2019;02:59;A159;3;1;0;0\r
10.06.2019;02:59;A159;4;1;0;0\r
10.06.2019;02:59;A159;5;1;0;0\r
10.06.2019;02:59;A159;6;1;0;0\r
10.06.2019;02:59;A159;7;1;0;0\r
10.06.2019;02:59;A159;8;1;0;0\r
10.06.2019;02:59;A159;9;1;0;0\r
10.06.2019;02:59;A159;10;1;0;0\r
10.06.2019;02:59;A159;11;1;0;0\r
10.06.2019;02:59;A159;12;1;0;0\r
10.06.2019;02:59;A159;13;1;0;0\r
10.06.2019;02:59;A159;14;1;0;0\r
10.06.2019;02:59;A159;15;1;0;0\r
10.06.2019;02:59;A159;16;1;0;0\r
10.06.2019;02:59;A159;17;1;0;0\r
10.06.2019;02:59;A159;18;1;0;0\r
10.06.2019;02:59;A159;19;1;0;0\r
10.06.2019;02:59;A160;1;1;0;1\r
10.06.2019;02:59;A160;2;1;0;0\r
10.06.2019;02:59;A160;3;1;0;0\r
10.06.2019;02:59;A160;4;1;0;0\r
10.06.2019;02:59;A160;5;1;0;0\r
10.06.2019;02:59;A160;6;1;0;0\r
10.06.2019;02:59;A160;7;1;0;0\r
10.06.2019;02:59;A160;8;1;0;0\r
10.06.2019;02:59;A160;9;1;0;0\r
10.06.2019;02:59;A160;10;1;0;0\r
10.06.2019;02:59;A160;11;1;0;0\r
10.06.2019;02:59;A160;12;1;0;0\r
10.06.2019;02:59;A160;13;1;0;0\r
10.06.2019;02:59;A160;14;1;0;0\r
10.06.2019;02:59;A160;15;1;0;0\r
10.06.2019;02:59;A160;16;1;0;0\r
10.06.2019;02:59;A160;17;1;0;0\r
10.06.2019;02:59;A161;1;1;0;0\r
10.06.2019;02:59;A161;2;1;0;0\r
10.06.2019;02:59;A161;3;1;0;0\r
10.06.2019;02:59;A161;4;1;0;0\r
10.06.2019;02:59;A161;5;1;0;0\r
10.06.2019;02:59;A161;6;1;0;0\r
10.06.2019;02:59;A161;7;1;0;0\r
10.06.2019;02:59;A161;8;1;0;0\r
10.06.2019;02:59;A161;9;1;0;0\r
10.06.2019;02:59;A161;10;1;0;0\r
10.06.2019;02:59;A161;11;1;0;0\r
10.06.2019;02:59;A161;12;1;0;0\r
10.06.2019;02:59;A161;13;1;0;0\r
10.06.2019;02:59;A161;14;1;0;0\r
10.06.2019;02:59;A161;15;1;0;0\r
10.06.2019;02:59;A161;16;1;0;0\r
10.06.2019;02:59;A161;17;1;0;0\r
10.06.2019;02:59;A161;18;1;0;0\r
10.06.2019;02:59;A161;19;1;59;96\r
10.06.2019;02:59;A161;20;1;0;0\r
10.06.2019;02:59;A161;21;1;0;0\r
10.06.2019;02:59;A161;22;1;0;0\r
10.06.2019;02:59;A161;23;1;0;0\r
10.06.2019;02:59;A161;24;1;0;0\r
10.06.2019;02:59;A161;25;1;0;0\r
10.06.2019;02:59;A161;26;1;0;0\r
10.06.2019;02:59;A162;1;1;0;0\r
10.06.2019;02:59;A162;2;1;0;0\r
10.06.2019;02:59;A162;3;1;0;0\r
10.06.2019;02:59;A162;4;1;4;1\r
10.06.2019;02:59;A162;5;1;19;1\r
10.06.2019;02:59;A162;6;1;1;0\r
10.06.2019;02:59;A162;7;1;2;1\r
10.06.2019;02:59;A162;8;1;0;0\r
10.06.2019;02:59;A162;9;1;0;0\r
10.06.2019;02:59;A162;13;1;0;0\r
10.06.2019;02:59;A162;14;1;0;0\r
10.06.2019;02:59;A162;15;1;0;0\r
10.06.2019;02:59;A162;16;1;0;0\r
10.06.2019;02:59;A162;17;1;0;0\r
10.06.2019;02:59;A162;18;1;0;0\r
10.06.2019;02:59;A162;19;1;0;0\r
10.06.2019;02:59;A162;20;1;0;0\r
10.06.2019;02:59;A162;21;1;0;0\r
10.06.2019;02:59;A162;22;1;0;0\r
10.06.2019;02:59;A162;23;1;0;0\r
10.06.2019;02:59;A162;24;1;100;0\r
10.06.2019;02:59;A162;25;1;0;0\r
10.06.2019;02:59;A162;26;1;78;13\r
10.06.2019;02:59;A162;27;1;0;0\r
10.06.2019;02:59;A162;28;1;100;0\r
10.06.2019;02:59;A162;29;1;0;0\r
10.06.2019;02:59;A162;30;1;0;0\r
10.06.2019;02:59;A162;31;1;0;0\r
10.06.2019;02:59;A163;1;1;0;0\r
10.06.2019;02:59;A163;2;1;0;0\r
10.06.2019;02:59;A163;3;1;0;0\r
10.06.2019;02:59;A163;4;1;0;0\r
10.06.2019;02:59;A163;5;1;1;1\r
10.06.2019;02:59;A163;6;1;1;1\r
10.06.2019;02:59;A163;7;1;0;0\r
10.06.2019;02:59;A163;8;1;0;0\r
10.06.2019;02:59;A163;9;1;0;0\r
10.06.2019;02:59;A163;10;1;0;0\r
10.06.2019;02:59;A163;11;1;0;0\r
10.06.2019;02:59;A163;12;1;0;0\r
10.06.2019;02:59;A163;13;1;0;0\r
10.06.2019;02:59;A163;14;1;0;0\r
10.06.2019;02:59;A163;15;1;100;0\r
10.06.2019;02:59;A163;16;1;0;0\r
10.06.2019;02:59;A163;17;1;0;0\r
10.06.2019;02:59;A163;18;1;0;0\r
10.06.2019;02:59;A163;19;1;0;0\r
10.06.2019;02:59;A163;20;1;0;0\r
10.06.2019;02:59;A164;1;1;0;0\r
10.06.2019;02:59;A164;2;1;0;0\r
10.06.2019;02:59;A164;3;1;0;0\r
10.06.2019;02:59;A164;4;1;0;0\r
10.06.2019;02:59;A164;5;1;0;0\r
10.06.2019;02:59;A164;6;1;0;0\r
10.06.2019;02:59;A164;7;1;0;0\r
10.06.2019;02:59;A164;8;1;0;0\r
10.06.2019;02:59;A164;9;1;0;0\r
10.06.2019;02:59;A164;10;1;0;0\r
10.06.2019;02:59;A164;11;1;0;0\r
10.06.2019;02:59;A164;12;1;0;0\r
10.06.2019;02:59;A164;13;1;0;0\r
10.06.2019;02:59;A164;14;1;0;0\r
10.06.2019;02:59;A164;15;1;0;0\r
10.06.2019;02:59;A164;16;1;0;0\r
10.06.2019;02:59;A169;1;1;0;0\r
10.06.2019;02:59;A169;2;1;0;0\r
10.06.2019;02:59;A169;3;1;0;0\r
10.06.2019;02:59;A169;4;1;0;0\r
10.06.2019;02:59;A169;5;1;5;2\r
10.06.2019;02:59;A169;6;1;4;1\r
10.06.2019;02:59;A170;1;1;0;1\r
10.06.2019;02:59;A170;2;1;0;1\r
10.06.2019;02:59;A170;3;1;0;0\r
10.06.2019;02:59;A170;4;1;0;0\r
10.06.2019;02:59;A170;5;1;0;0\r
10.06.2019;02:59;A170;6;1;0;0\r
10.06.2019;02:59;A170;7;1;0;0\r
10.06.2019;02:59;A170;8;1;0;0\r
10.06.2019;02:59;A170;9;1;0;0\r
10.06.2019;02:59;A170;10;1;0;0\r
10.06.2019;02:59;A170;11;1;0;1\r
10.06.2019;02:59;A170;12;1;0;1\r
10.06.2019;02:59;A170;13;1;0;0\r
10.06.2019;02:59;A170;14;1;0;0\r
10.06.2019;02:59;A170;15;1;0;0\r
10.06.2019;02:59;A170;16;1;0;0\r
10.06.2019;02:59;A170;17;1;0;0\r
10.06.2019;02:59;A170;18;1;0;0\r
10.06.2019;02:59;A170;19;1;0;0\r
10.06.2019;02:59;A170;20;1;0;0\r
10.06.2019;02:59;A170;21;1;0;0\r
10.06.2019;02:59;A170;22;1;0;0\r
10.06.2019;02:59;A170;23;1;0;0\r
10.06.2019;02:59;A170;24;1;0;0\r
10.06.2019;02:59;A171;1;1;0;0\r
10.06.2019;02:59;A171;2;1;0;0\r
10.06.2019;02:59;A171;3;1;0;0\r
10.06.2019;02:59;A171;4;1;0;0\r
10.06.2019;02:59;A172;1;1;0;0\r
10.06.2019;02:59;A172;2;1;0;0\r
10.06.2019;02:59;A172;3;1;0;0\r
10.06.2019;02:59;A172;4;1;0;0\r
10.06.2019;02:59;A172;5;1;0;0\r
10.06.2019;02:59;A172;6;1;0;0\r
10.06.2019;02:59;A172;7;1;0;0\r
10.06.2019;02:59;A172;8;1;0;0\r
10.06.2019;02:59;A172;9;1;0;0\r
10.06.2019;02:59;A172;10;1;0;0\r
10.06.2019;02:59;A172;11;1;0;0\r
10.06.2019;02:59;A172;12;1;0;0\r
10.06.2019;02:59;A172;13;1;0;0\r
10.06.2019;02:59;A172;14;1;0;0\r
10.06.2019;02:59;A172;15;1;0;0\r
10.06.2019;02:59;A172;16;1;0;0\r
10.06.2019;02:59;A172;17;1;0;0\r
10.06.2019;02:59;A172;18;1;0;0\r
10.06.2019;02:59;A172;19;1;0;0\r
10.06.2019;02:59;A172;20;1;0;0\r
10.06.2019;02:59;A172;21;1;0;0\r
10.06.2019;02:59;A172;22;1;0;0\r
10.06.2019;02:59;A172;23;1;0;0\r
10.06.2019;02:59;A172;24;1;0;0\r
10.06.2019;02:59;A172;25;1;0;0\r
10.06.2019;02:59;A172;26;1;0;0\r
10.06.2019;02:59;A172;27;1;0;0\r
10.06.2019;02:59;A172;28;1;0;0\r
10.06.2019;02:59;A172;29;1;0;0\r
10.06.2019;02:59;A172;30;1;0;0\r
10.06.2019;02:59;A172;31;1;0;0\r
10.06.2019;02:59;A172;32;1;0;0\r
10.06.2019;02:59;A172;33;1;0;0\r
10.06.2019;02:59;A172;34;1;0;0\r
10.06.2019;02:59;A173;1;1;0;0\r
10.06.2019;02:59;A173;2;1;0;0\r
10.06.2019;02:59;A173;3;1;0;0\r
10.06.2019;02:59;A173;4;1;0;0\r
10.06.2019;02:59;A173;5;1;0;0\r
10.06.2019;02:59;A173;6;1;0;0\r
10.06.2019;02:59;A173;7;1;0;0\r
10.06.2019;02:59;A173;8;1;0;0\r
10.06.2019;02:59;A173;9;1;0;0\r
10.06.2019;02:59;A173;10;1;0;0\r
10.06.2019;02:59;A173;11;1;0;0\r
10.06.2019;02:59;A174;1;1;2;2\r
10.06.2019;02:59;A174;2;1;7;2\r
10.06.2019;02:59;A174;3;1;0;1\r
10.06.2019;02:59;A174;4;1;0;0\r
10.06.2019;02:59;A174;5;1;0;0\r
10.06.2019;02:59;A174;6;1;0;0\r
10.06.2019;02:59;A174;7;1;0;0\r
10.06.2019;02:59;A174;8;1;0;0\r
10.06.2019;02:59;A174;9;1;0;0\r
10.06.2019;02:59;A174;10;1;0;0\r
10.06.2019;02:59;A174;11;1;0;0\r
10.06.2019;02:59;A174;12;1;0;0\r
10.06.2019;02:59;A174;13;1;0;0\r
10.06.2019;02:59;A174;14;1;0;0\r
10.06.2019;02:59;A174;15;1;0;0\r
10.06.2019;02:59;A181;1;1;0;0\r
10.06.2019;02:59;A181;2;1;0;0\r
10.06.2019;02:59;A181;3;1;0;0\r
10.06.2019;02:59;A181;4;1;0;0\r
10.06.2019;02:59;A181;5;1;0;0\r
10.06.2019;02:59;A181;6;1;0;0\r
10.06.2019;02:59;A181;7;1;0;0\r
10.06.2019;02:59;A181;8;1;0;0\r
10.06.2019;02:59;A181;9;1;0;0\r
10.06.2019;02:59;A181;10;1;0;0\r
10.06.2019;02:59;A181;11;1;0;0\r
10.06.2019;02:59;A181;12;1;0;0\r
10.06.2019;02:59;A181;13;1;0;0\r
10.06.2019;02:59;A181;14;1;0;0\r
10.06.2019;02:59;A181;15;1;0;0\r
10.06.2019;02:59;A182;1;1;2;1\r
10.06.2019;02:59;A182;2;1;6;2\r
10.06.2019;02:59;A182;3;1;0;0\r
10.06.2019;02:59;A182;4;1;0;0\r
10.06.2019;02:59;A182;5;1;0;0\r
10.06.2019;02:59;A182;6;1;0;0\r
10.06.2019;02:59;A182;7;1;1;2\r
10.06.2019;02:59;A182;8;1;0;0\r
10.06.2019;02:59;A185;1;1;0;0\r
10.06.2019;02:59;A185;2;1;0;0\r
10.06.2019;02:59;A185;3;1;0;0\r
10.06.2019;02:59;A185;4;1;0;0\r
10.06.2019;02:59;A185;5;1;0;0\r
10.06.2019;02:59;A185;6;1;0;0\r
10.06.2019;02:59;A185;7;1;0;0\r
10.06.2019;02:59;A185;8;1;0;0\r
10.06.2019;02:59;A185;9;1;0;0\r
10.06.2019;02:59;A185;10;1;0;0\r
10.06.2019;02:59;A185;11;1;0;0\r
10.06.2019;02:59;A185;12;1;0;0\r
10.06.2019;02:59;A200;1;1;0;0\r
10.06.2019;02:59;A200;2;1;0;0\r
10.06.2019;02:59;A200;3;1;0;0\r
10.06.2019;02:59;A200;4;1;0;0\r
10.06.2019;02:59;BSA225;1;1;0;0\r
10.06.2019;02:59;BSA225;2;1;0;0\r
10.06.2019;02:59;BSA225;3;1;0;0\r
10.06.2019;02:59;BSA225;4;1;0;0\r
10.06.2019;02:59;BSA225;5;1;0;0\r
10.06.2019;02:59;BSA225;6;1;0;0\r
10.06.2019;02:59;BSA225;7;1;0;0\r
10.06.2019;02:59;BSA225;8;1;0;0\r
10.06.2019;02:59;BSA232;1;1;0;0\r
10.06.2019;02:59;BSA232;2;1;0;0\r
10.06.2019;02:59;BSA232;3;1;0;0\r
10.06.2019;02:59;BSA232;4;1;0;0\r
10.06.2019;02:59;BSA232;5;1;0;0\r
10.06.2019;02:59;BSA232;6;1;0;0\r
10.06.2019;02:59;BSA232;7;1;0;0\r
10.06.2019;02:59;BSA232;8;1;0;0\r
10.06.2019;02:59;BSA232;9;1;0;0\r
10.06.2019;02:59;BSA232;10;1;0;0\r
10.06.2019;02:59;BSA232;11;1;0;0\r
10.06.2019;02:59;BSA232;12;1;0;0\r
10.06.2019;02:59;BSA900;1;1;0;0\r
10.06.2019;02:59;BSA900;2;1;0;0\r
10.06.2019;02:59;BSA900;3;1;0;0\r
10.06.2019;02:59;BSA900;4;1;0;0\r
10.06.2019;02:59;BSA905;1;1;0;0\r
10.06.2019;02:59;BSA905;2;1;0;0\r
10.06.2019;02:59;BSA905;3;1;0;0\r
10.06.2019;02:59;BSA905;4;1;0;0\r
10.06.2019;02:59;BSA905;5;1;0;0\r
10.06.2019;02:59;BSA905;6;1;0;0\r
10.06.2019;02:59;BSA914;1;1;0;0\r
10.06.2019;02:59;BSA914;2;1;0;0\r
10.06.2019;02:59;BSA914;3;1;0;0\r
10.06.2019;02:59;BSA914;4;1;0;0\r
10.06.2019;02:59;BSA914;5;1;0;0\r
10.06.2019;02:59;BSA914;6;1;0;0\r
10.06.2019;02:59;BSA914;7;1;0;0\r
'
