Latitude,Longitude
49.8687,8.68356
49.8688,8.68368
49.8688,8.68378
49.8688,8.68385
49.8688,8.68394
49.8688,8.68402
49.8688,8.68409
49.8688,8.68417
49.8687,8.68426
49.8685,8.6845
49.8685,8.6846
49.8684,8.68465
49.8946,8.6775
49.8947,8.67782
49.8948,8.67836
49.8949,8.67954
49.8951,8.68032
49.8952,8.6812
49.8952,8.6813
49.8961,8.68792
49.896,8.68749
49.896,8.68642
49.896,8.68636
49.8959,8.68618
49.8702,8.63305
49.8701,8.63307
49.8699,8.63317
49.8696,8.63328
49.8741,8.65616
49.8743,8.65617
49.8743,8.65618
49.8744,8.65621
49.8745,8.65624
49.8745,8.65625
49.8745,8.65634
49.8746,8.65657
49.8747,8.64126
49.8747,8.64127
49.8746,8.6413
49.8746,8.64131
49.8743,8.64141
49.8743,8.64142
49.8741,8.64146
49.874,8.64147
49.8739,8.64145
49.8738,8.64142
49.8831,8.63859
49.883,8.6385
49.883,8.63848
49.8828,8.63821
49.8825,8.63773
49.8822,8.63738
49.8821,8.63726
49.882,8.63715
49.8818,8.63703
49.8802,8.63613
49.8799,8.6359
49.8758,8.616
49.8758,8.61606
49.8759,8.61614
49.8759,8.61622
49.8759,8.6163
49.8759,8.61649
49.8759,8.61674
49.8759,8.61688
49.8759,8.617
49.8864,8.62283
49.8862,8.62315
49.876,8.65062
49.8761,8.65058
49.8765,8.65046
49.8766,8.65043
49.8767,8.65041
49.8769,8.65037
49.8769,8.65036
49.8769,8.65029
49.8766,8.65025
49.8765,8.65023
49.8765,8.65023
49.8763,8.65021
49.8762,8.65016
49.8762,8.65009
49.8761,8.65004
49.876,8.64981
49.8704,8.63317
49.8705,8.63315
49.8706,8.63312
49.8707,8.63303
49.8705,8.63306
49.8704,8.63307
49.8704,8.63307
49.8704,8.63307
49.8703,8.63306
49.8703,8.63306
49.8703,8.63325
49.8703,8.63322
49.8703,8.63321
49.8704,8.63321
49.8704,8.6332
49.8704,8.63319
49.8704,8.63317
49.8787,8.65051
49.8787,8.65047
49.8696,8.63328
49.8696,8.63344
49.8696,8.63352
49.8536,8.64322
49.8537,8.64327
49.8761,8.64097
49.876,8.64064
49.8174,8.64416
49.8174,8.64399
49.8171,8.64217
49.817,8.64112
49.8169,8.64058
49.8169,8.64056
49.8169,8.64054
49.8168,8.63975
49.8166,8.63807
49.8164,8.63656
49.8164,8.6363
49.8156,8.63039
49.8156,8.6303
49.8155,8.63018
49.8123,8.64453
49.8123,8.64473
49.8122,8.64504
49.8121,8.64554
49.8121,8.64587
49.8121,8.64617
49.8121,8.64619
49.8137,8.64637
49.8136,8.64639
49.8136,8.64639
49.8135,8.64639
49.8132,8.64636
49.8125,8.64627
49.8121,8.64619
49.901,8.65384
49.9009,8.6539
49.9009,8.65395
49.9007,8.65411
49.9006,8.65426
49.9166,8.60955
49.9158,8.61012
49.9014,8.6174
49.9009,8.61767
49.9058,8.64344
49.9058,8.64401
49.9057,8.64467
49.8683,8.63381
49.8681,8.6339
49.8681,8.63395
49.8674,8.63447
49.8679,8.63423
49.8679,8.63421
49.868,8.63416
49.8681,8.63408
49.8682,8.63402
49.8934,8.6105
49.8933,8.61099
49.8933,8.61103
49.8933,8.6112
49.8934,8.61139
49.8956,8.61437
49.8957,8.6145
49.8959,8.6145
49.8959,8.61444
49.8961,8.6138
49.8961,8.6138
49.8965,8.61216
49.8966,8.61189
49.8968,8.61115
49.8883,8.61945
49.888,8.62006
49.895,8.60851
49.8949,8.60843
49.8949,8.60841
49.8948,8.6084
49.8948,8.60839
49.8948,8.60839
49.8947,8.60841
49.8947,8.60841
49.8946,8.60843
49.8946,8.60848
49.8945,8.60855
49.8944,8.60869
49.8938,8.6097
49.8936,8.61006
49.8934,8.6105
49.8931,8.61098
49.8932,8.61106
49.8934,8.61139
49.8934,8.61139
49.8937,8.61179
49.8938,8.61185
49.8938,8.61192
49.8948,8.61326
49.8956,8.61437
49.8677,8.62074
49.8675,8.6204
49.8675,8.62026
49.8674,8.62017
49.8677,8.62074
49.8679,8.62104
49.868,8.62115
49.8758,8.616
49.8757,8.61592
49.8756,8.61591
49.8753,8.61599
49.8744,8.61647
49.8735,8.61688
49.871,8.61813
49.8896,8.65267
49.8896,8.65279
49.8896,8.65283
49.8896,8.65295
49.8964,8.6203
49.8965,8.62043
49.8991,8.61887
49.8991,8.61889
49.8989,8.61897
49.8988,8.61906
49.9009,8.61767
49.9003,8.61807
49.8997,8.61849
49.8992,8.61879
49.8991,8.61887
49.8759,8.6493
49.8759,8.64945
49.8758,8.64957
49.8757,8.6497
49.876,8.64977
49.8759,8.64975
49.8688,8.61906
49.8689,8.61903
49.8698,8.61869
49.8705,8.6184
49.868,8.61929
49.8688,8.61906
49.8781,8.66128
49.8781,8.66138
49.8781,8.66143
49.8781,8.66149
49.8781,8.66157
49.8782,8.66172
49.9057,8.64467
49.9057,8.64485
49.9056,8.6452
49.9055,8.64577
49.9054,8.64617
49.9054,8.64651
49.9053,8.64687
49.9053,8.6469
49.8553,8.63748
49.8554,8.63737
49.8554,8.63727
49.8555,8.63719
49.8555,8.63711
49.8556,8.63706
49.8557,8.63697
49.8557,8.63694
49.8588,8.63474
49.8587,8.63443
49.9208,8.60645
49.9203,8.60696
49.9091,8.61398
49.9078,8.61449
49.9062,8.61515
49.9046,8.6158
49.9039,8.6161
49.9024,8.61688
49.9018,8.61717
49.8929,8.61147
49.893,8.61126
49.8931,8.61122
49.8932,8.61122
49.8933,8.61128
49.8934,8.61139
49.8968,8.61052
49.8965,8.61018
49.8963,8.60999
49.8961,8.60972
49.8958,8.60943
49.8957,8.60934
49.8957,8.60929
49.8956,8.60916
49.8952,8.60871
49.895,8.60851
49.8753,8.62801
49.8751,8.63027
49.8923,8.65333
49.8921,8.65328
49.8919,8.65323
49.8919,8.65341
49.8923,8.65351
49.8923,8.65351
49.893,8.65365
49.8936,8.65378
49.8937,8.6538
49.8939,8.65384
49.8212,8.69993
49.82,8.69814
49.8595,8.64457
49.8595,8.64465
49.8829,8.66019
49.8829,8.66018
49.8828,8.66018
49.8828,8.66018
49.9053,8.64727
49.9054,8.64725
49.9054,8.64718
49.9054,8.6471
49.9054,8.64696
49.9053,8.6469
49.9053,8.64691
49.9052,8.64697
49.9052,8.64709
49.9052,8.64717
49.9052,8.64724
49.9053,8.64727
49.9053,8.64727
49.9053,8.64735
49.9052,8.64784
49.9051,8.6481
49.9051,8.64829
49.9049,8.64844
49.9047,8.64856
49.9034,8.64876
49.9029,8.64883
49.9025,8.64889
49.9022,8.64895
49.902,8.64907
49.9019,8.64931
49.9018,8.64959
49.9017,8.64993
49.9015,8.65302
49.9014,8.65317
49.9014,8.65331
49.9013,8.65343
49.9012,8.65356
49.9012,8.65363
49.901,8.65384
49.9118,8.61284
49.9117,8.61287
49.9117,8.61287
49.9117,8.61291
49.8435,8.64593
49.8433,8.64591
49.8433,8.64591
49.8423,8.64582
49.8093,8.64305
49.8103,8.64353
49.8105,8.64363
49.8114,8.64407
49.8223,8.64427
49.8213,8.6442
49.8469,8.61532
49.8472,8.61574
49.8178,8.64437
49.8177,8.64436
49.8175,8.64418
49.8174,8.64416
49.8754,8.67059
49.8754,8.67061
49.8755,8.67066
49.8755,8.6707
49.8756,8.6708
49.8756,8.67084
49.8388,8.64551
49.8386,8.6455
49.8386,8.6455
49.835,8.64524
49.812,8.64433
49.8121,8.6444
49.8123,8.64453
49.8145,8.64576
49.8144,8.6459
49.8144,8.64593
49.8143,8.64603
49.8142,8.64607
49.8141,8.6462
49.8139,8.64632
49.8465,8.61467
49.8469,8.61532
49.8882,8.64277
49.8882,8.64219
49.8882,8.63994
49.8781,8.66128
49.8779,8.66129
49.8693,8.65637
49.8694,8.65647
49.8694,8.65649
49.8759,8.64975
49.8759,8.65022
49.8759,8.65026
49.876,8.65049
49.876,8.65053
49.876,8.65053
49.876,8.65057
49.8793,8.67045
49.8794,8.67074
49.853,8.64653
49.8531,8.64657
49.8531,8.64658
49.8532,8.6466
49.8533,8.64664
49.8223,8.64427
49.8226,8.64437
49.8232,8.64442
49.8238,8.64444
49.8239,8.64443
49.8882,8.64277
49.8882,8.64332
49.8882,8.63295
49.8882,8.63309
49.8882,8.63365
49.8123,8.6179
49.8122,8.61777
49.8122,8.61777
49.8122,8.61771
49.8115,8.61663
49.8112,8.61614
49.8105,8.61513
49.81,8.61435
49.8099,8.61419
49.8098,8.61404
49.8096,8.61382
49.8095,8.61362
49.8085,8.61261
49.8882,8.63528
49.8882,8.63426
49.8125,8.61814
49.8123,8.6179
49.8829,8.66019
49.8829,8.6603
49.8829,8.66038
49.8829,8.66047
49.8828,8.6606
49.8824,8.66284
49.882,8.66423
49.814,8.62025
49.8139,8.62019
49.8138,8.62009
49.8136,8.61991
49.8134,8.61952
49.8133,8.61941
49.8129,8.61874
49.8127,8.61841
49.8125,8.61814
49.8753,8.62775
49.8753,8.62798
49.8753,8.62801
49.8757,8.61998
49.8757,8.62006
49.8757,8.62025
49.8756,8.62186
49.8756,8.62302
49.8755,8.62393
49.8755,8.6241
49.8754,8.62514
49.8753,8.62743
49.8753,8.62748
49.8753,8.62775
49.8759,8.6176
49.8759,8.61793
49.8758,8.61878
49.8758,8.61961
49.8758,8.61983
49.8757,8.61994
49.8757,8.61998
49.891,8.69716
49.8913,8.69779
49.8916,8.69841
49.8918,8.6988
49.892,8.69927
49.8922,8.69981
49.8923,8.70016
49.8924,8.70054
49.8925,8.70088
49.8927,8.70194
49.8929,8.70284
49.893,8.70362
49.859,8.63505
49.859,8.63503
49.8763,8.66169
49.8763,8.66177
49.8764,8.66188
49.8769,8.66284
49.8769,8.66291
49.877,8.66306
49.8773,8.66365
49.8774,8.66385
49.8775,8.66395
49.8959,8.68618
49.8959,8.68561
49.8958,8.68481
49.8954,8.68197
49.8954,8.68153
49.8954,8.68149
49.8953,8.68127
49.8958,8.6862
49.8959,8.68638
49.896,8.68715
49.8961,8.68792
49.8644,8.63733
49.8642,8.63753
49.8642,8.6376
49.864,8.63789
49.864,8.63799
49.8639,8.6381
49.8639,8.63819
49.8638,8.6383
49.8638,8.63833
49.8632,8.6393
49.8629,8.63977
49.8627,8.64012
49.8625,8.64048
49.8625,8.64052
49.8625,8.64063
49.8624,8.64068
49.8644,8.63733
49.8645,8.63716
49.8645,8.63708
49.8647,8.63688
49.8649,8.63658
49.8885,8.64528
49.8885,8.64504
49.8884,8.64484
49.8944,8.67708
49.8946,8.67735
49.8939,8.67642
49.8942,8.67674
49.888,8.62006
49.8871,8.62153
49.9003,8.65493
49.9003,8.65491
49.8522,8.66971
49.8523,8.6701
49.8523,8.67014
49.8934,8.6105
49.8932,8.61089
49.8931,8.61098
49.8931,8.61098
49.893,8.61126
49.8929,8.61147
49.8897,8.61708
49.8883,8.61945
49.8929,8.61147
49.8926,8.61185
49.8925,8.61211
49.8924,8.6122
49.8913,8.61432
49.8912,8.61451
49.8901,8.61643
49.8583,8.63387
49.8583,8.6338
49.8682,8.63402
49.8683,8.63401
49.8683,8.634
49.8686,8.6339
49.8695,8.63357
49.8696,8.63352
49.8853,8.62599
49.8851,8.62749
49.885,8.62784
49.885,8.6281
49.885,8.62817
49.8152,8.63042
49.8153,8.63041
49.8154,8.63042
49.8154,8.63046
49.8524,8.67064
49.8524,8.67076
49.8213,8.7
49.8212,8.69993
49.82,8.69814
49.8196,8.69767
49.8508,8.62173
49.8509,8.62182
49.8511,8.62218
49.8515,8.62278
49.8528,8.62488
49.8536,8.6262
49.8539,8.62672
49.8213,8.6442
49.8212,8.64419
49.8212,8.64419
49.8203,8.64414
49.8126,8.66814
49.8124,8.66813
49.8124,8.66815
49.8123,8.66818
49.8123,8.66824
49.8122,8.66835
49.8121,8.66849
49.812,8.6686
49.812,8.6687
49.812,8.66882
49.812,8.66893
49.812,8.66919
49.8121,8.66957
49.8121,8.66964
49.8121,8.6697
49.8121,8.66979
49.8121,8.66984
49.812,8.66989
49.812,8.66992
49.812,8.66996
49.8119,8.67006
49.8115,8.67045
49.8112,8.67079
49.813,8.66829
49.8126,8.66814
49.8731,8.66252
49.873,8.66251
49.8896,8.65295
49.8897,8.65303
49.8897,8.65315
49.8897,8.65319
49.8897,8.65343
49.8833,8.6376
49.8832,8.63829
49.8832,8.63835
49.8831,8.63859
49.8901,8.61643
49.8899,8.61672
49.8899,8.6168
49.8899,8.61682
49.8759,8.67078
49.8759,8.67076
49.8758,8.67077
49.8112,8.67079
49.8111,8.67105
49.811,8.67132
49.8107,8.67178
49.8106,8.67211
49.8106,8.67211
49.8105,8.67229
49.8104,8.67242
49.8103,8.67253
49.8103,8.67253
49.8103,8.67266
49.8102,8.67273
49.8102,8.67279
49.8102,8.67282
49.8101,8.67286
49.8101,8.67289
49.81,8.67291
49.8098,8.67296
49.8096,8.67307
49.8094,8.67325
49.8092,8.67354
49.809,8.674
49.8086,8.67498
49.8084,8.67534
49.8082,8.67577
49.808,8.67622
49.8079,8.67654
49.8077,8.67692
49.8074,8.67721
49.8072,8.67763
49.8071,8.67801
49.8763,8.66169
49.8762,8.66172
49.8762,8.66178
49.8759,8.66212
49.8758,8.66216
49.8752,8.6626
49.8751,8.66268
49.875,8.66274
49.8748,8.66281
49.8746,8.66284
49.8745,8.66284
49.9203,8.60696
49.9201,8.60714
49.8967,8.62056
49.8968,8.62056
49.897,8.62055
49.8971,8.62052
49.8972,8.62047
49.8973,8.62042
49.8974,8.62033
49.8978,8.61999
49.8835,8.6494
49.8835,8.64911
49.8833,8.64872
49.8832,8.64841
49.8831,8.64816
49.883,8.64788
49.8829,8.64761
49.8829,8.64752
49.8828,8.64742
49.8827,8.64721
49.8825,8.64685
49.8824,8.64657
49.8841,8.65294
49.8841,8.6532
49.8841,8.65375
49.884,8.65483
49.884,8.65505
49.884,8.65521
49.8839,8.65599
49.8838,8.65635
49.8835,8.65739
49.8835,8.65758
49.8898,8.61701
49.8897,8.61708
49.8168,8.64426
49.8166,8.64429
49.8166,8.64429
49.8163,8.64435
49.8159,8.64443
49.8156,8.6445
49.8153,8.64456
49.8151,8.64461
49.815,8.64463
49.8149,8.64471
49.8148,8.64484
49.8147,8.64496
49.8146,8.64508
49.8146,8.6452
49.8146,8.64542
49.8145,8.64558
49.8145,8.64567
49.8145,8.64576
49.8684,8.68465
49.8684,8.68472
49.8684,8.68479
49.8683,8.68489
49.8683,8.68498
49.8683,8.68505
49.8683,8.68514
49.8196,8.69767
49.8195,8.69748
49.8195,8.69748
49.8194,8.69729
49.8193,8.6972
49.8193,8.6971
49.8192,8.69698
49.8192,8.69686
49.8192,8.6967
49.8192,8.69657
49.8192,8.6964
49.8192,8.69634
49.8192,8.69606
49.8192,8.69575
49.8194,8.69477
49.8196,8.69336
49.8196,8.69299
49.8844,8.65144
49.8843,8.65137
49.8843,8.65129
49.8842,8.65125
49.8841,8.65119
49.8841,8.65108
49.8839,8.65086
49.8645,8.64391
49.8645,8.64398
49.8646,8.64403
49.8654,8.64676
49.8655,8.64663
49.8655,8.64648
49.8655,8.64632
49.8654,8.64772
49.8655,8.64886
49.8656,8.64895
49.8654,8.64772
49.8654,8.64742
49.8654,8.64729
49.8654,8.64724
49.8654,8.64712
49.8654,8.64704
49.8745,8.66284
49.8743,8.66281
49.8741,8.66279
49.8737,8.66268
49.8631,8.64437
49.8632,8.64435
49.8636,8.64423
49.8637,8.64421
49.8638,8.64418
49.8639,8.64409
49.8645,8.64391
49.8646,8.64387
49.8649,8.64379
49.8693,8.66166
49.8693,8.66182
49.8693,8.66194
49.8697,8.65671
49.8698,8.65678
49.8699,8.6568
49.8699,8.65681
49.8699,8.65683
49.8701,8.65686
49.8828,8.65125
49.8837,8.6515
49.8837,8.65151
49.8839,8.65157
49.884,8.65158
49.8757,8.64781
49.8757,8.648
49.8757,8.64806
49.8757,8.64824
49.876,8.64981
49.876,8.64961
49.8759,8.64939
49.8759,8.64888
49.8758,8.64834
49.8758,8.64826
49.8758,8.64818
49.8757,8.64803
49.8757,8.64798
49.8757,8.64778
49.8757,8.64778
49.8756,8.64756
49.8756,8.6475
49.8756,8.64703
49.8755,8.64684
49.8755,8.64655
49.8754,8.64604
49.8753,8.64523
49.8753,8.64497
49.8753,8.64485
49.8753,8.64485
49.8752,8.64441
49.8752,8.64423
49.8752,8.64396
49.8752,8.64369
49.8751,8.64362
49.8751,8.64343
49.8751,8.64331
49.8751,8.6431
49.875,8.64295
49.8749,8.64217
49.8748,8.6415
49.8748,8.64132
49.8748,8.64121
49.8752,8.64488
49.8754,8.64605
49.8755,8.64654
49.8755,8.64685
49.8755,8.64704
49.8756,8.64722
49.8756,8.64731
49.8756,8.64752
49.8756,8.64757
49.8757,8.64781
49.8655,8.64632
49.8655,8.64624
49.8655,8.64605
49.8655,8.64585
49.8655,8.64573
49.8654,8.64566
49.8654,8.6456
49.8533,8.64664
49.8533,8.64667
49.8533,8.64678
49.8534,8.64934
49.8534,8.64834
49.853,8.64653
49.8524,8.64651
49.8521,8.64649
49.8819,8.64609
49.882,8.64624
49.8822,8.64655
49.8824,8.64687
49.8825,8.64701
49.887,8.62179
49.8869,8.62197
49.8871,8.62153
49.887,8.62179
49.8606,8.64419
49.8605,8.64441
49.8604,8.64457
49.8604,8.64461
49.8655,8.69939
49.8655,8.69978
49.8654,8.70039
49.8654,8.70106
49.8654,8.70187
49.8653,8.70312
49.8156,8.63088
49.8156,8.63066
49.8157,8.63056
49.8523,8.6703
49.8524,8.67058
49.8524,8.67064
49.8198,8.69214
49.8198,8.69149
49.82,8.69025
49.835,8.64524
49.8333,8.64511
49.8322,8.64503
49.83,8.64487
49.8291,8.64482
49.8276,8.64471
49.8262,8.64461
49.8254,8.64457
49.8667,8.65696
49.8667,8.6574
49.867,8.6593
49.867,8.6594
49.8671,8.66
49.8671,8.66057
49.8672,8.66082
49.8673,8.66191
49.8203,8.64414
49.8199,8.64414
49.8193,8.64411
49.8191,8.64409
49.8188,8.6441
49.8187,8.64412
49.8186,8.64412
49.8183,8.6442
49.818,8.6443
49.8178,8.64436
49.8178,8.64437
49.8178,8.64437
49.8161,8.63464
49.8161,8.63433
49.816,8.63413
49.8159,8.63316
49.8158,8.63197
49.8156,8.63088
49.893,8.66318
49.8931,8.66336
49.8931,8.66366
49.8932,8.66404
49.8933,8.66576
49.8933,8.66583
49.8936,8.66885
49.8937,8.67024
49.8937,8.6705
49.8937,8.67076
49.8937,8.67103
49.8937,8.67131
49.8937,8.67156
49.8936,8.67182
49.8936,8.67198
49.8748,8.64121
49.8748,8.64121
49.8749,8.64118
49.8749,8.64117
49.875,8.64112
49.8752,8.64106
49.8754,8.64095
49.8759,8.64072
49.876,8.64064
49.8746,8.65657
49.8746,8.65639
49.8745,8.6562
49.8745,8.65612
49.8745,8.65604
49.8745,8.65584
49.8664,8.63134
49.8663,8.63134
49.8662,8.63137
49.8661,8.63139
49.8661,8.63141
49.866,8.63145
49.8657,8.63155
49.8654,8.63165
49.8649,8.63179
49.8644,8.63197
49.8642,8.63206
49.8635,8.63244
49.8635,8.63243
49.8636,8.63238
49.8952,8.6813
49.8952,8.68132
49.8952,8.68147
49.8952,8.68153
49.8954,8.68251
49.8955,8.68364
49.8956,8.68419
49.8958,8.68564
49.8958,8.68589
49.8958,8.6862
49.873,8.66266
49.8731,8.66267
49.8733,8.66267
49.8735,8.66269
49.8736,8.66269
49.8737,8.66268
49.8737,8.66268
49.8736,8.66264
49.8735,8.6626
49.8731,8.66253
49.8731,8.66252
49.8681,8.63395
49.868,8.63399
49.8679,8.63407
49.8677,8.63418
49.8714,8.64163
49.8713,8.64167
49.8713,8.64168
49.87,8.64209
49.884,8.6516
49.8842,8.65164
49.8842,8.65167
49.8846,8.65178
49.8847,8.65181
49.8847,8.65182
49.8848,8.65183
49.885,8.65189
49.8854,8.65196
49.8856,8.652
49.8864,8.65218
49.8868,8.65228
49.887,8.65232
49.8871,8.65234
49.8871,8.65235
49.8888,8.65271
49.8787,8.66701
49.8787,8.66803
49.8788,8.66861
49.8788,8.66882
49.8788,8.66902
49.8789,8.66927
49.8791,8.66972
49.8791,8.66984
49.8792,8.66998
49.8835,8.65758
49.8835,8.65773
49.8831,8.65927
49.8831,8.65963
49.883,8.65976
49.883,8.6598
49.883,8.65988
49.875,8.64346
49.875,8.64366
49.8752,8.64488
49.8893,8.65127
49.8895,8.65213
49.9002,8.65498
49.9003,8.65493
49.884,8.65136
49.8839,8.65134
49.8839,8.65134
49.884,8.65145
49.884,8.6515
49.884,8.65158
49.8899,8.65521
49.8897,8.65372
49.884,8.65158
49.884,8.65164
49.884,8.6517
49.884,8.65219
49.8841,8.6527
49.8841,8.65294
49.8212,8.64419
49.8212,8.64419
49.8779,8.66129
49.8778,8.6613
49.8778,8.66131
49.8769,8.66152
49.8764,8.66161
49.8764,8.66165
49.8764,8.66166
49.8763,8.66167
49.8782,8.66172
49.8783,8.66194
49.8785,8.66211
49.8787,8.66241
49.8789,8.6627
49.8791,8.66304
49.8792,8.66321
49.8792,8.66328
49.8792,8.66332
49.8792,8.66336
49.8794,8.66359
49.8798,8.66396
49.88,8.6642
49.8953,8.68127
49.8952,8.6803
49.895,8.67941
49.8948,8.6783
49.8947,8.67778
49.8946,8.6775
49.8907,8.69654
49.8908,8.6969
49.891,8.69716
49.8853,8.6688
49.8853,8.66885
49.8854,8.66888
49.8854,8.6689
49.8855,8.66894
49.8857,8.66907
49.8858,8.66917
49.886,8.66926
49.8865,8.66961
49.8866,8.66964
49.8866,8.66965
49.8867,8.66966
49.8869,8.66966
49.8871,8.66967
49.8872,8.66969
49.8873,8.66974
49.8875,8.66983
49.8883,8.67047
49.8887,8.67071
49.8892,8.67111
49.8895,8.67137
49.8899,8.6718
49.8901,8.67205
49.882,8.66037
49.8809,8.66061
49.8806,8.66068
49.8801,8.66079
49.8795,8.66095
49.8791,8.66104
49.8789,8.66111
49.8787,8.66117
49.8782,8.66126
49.8782,8.66127
49.8781,8.66128
49.8824,8.66028
49.882,8.66037
49.8896,8.65267
49.8895,8.65265
49.8893,8.65262
49.8891,8.6526
49.8869,8.65212
49.8869,8.65211
49.8862,8.65197
49.8859,8.6519
49.8914,8.65331
49.8918,8.65339
49.8918,8.65339
49.8919,8.65341
49.8884,8.64528
49.8884,8.64548
49.8885,8.64625
49.8885,8.64651
49.8886,8.64673
49.8887,8.6476
49.8888,8.64792
49.8918,8.65321
49.8913,8.65309
49.8913,8.65308
49.8909,8.65298
49.8902,8.65284
49.8901,8.65281
49.8523,8.6703
49.8523,8.67045
49.8523,8.67052
49.8523,8.67062
49.8522,8.67094
49.8131,8.66829
49.8133,8.66832
49.8136,8.66828
49.8174,8.64416
49.8173,8.64414
49.8173,8.64415
49.8172,8.64417
49.8168,8.64426
49.8168,8.64426
49.8137,8.64637
49.8137,8.64634
49.8136,8.64627
49.8136,8.64626
49.8135,8.64613
49.8163,8.63541
49.8162,8.63527
49.8162,8.63521
49.8161,8.63464
49.8533,8.6465
49.8532,8.64649
49.853,8.64653
49.859,8.63505
49.8591,8.63519
49.8594,8.63582
49.8594,8.63585
49.8597,8.63615
49.8588,8.63482
49.8589,8.63489
49.8589,8.63494
49.8537,8.64327
49.8544,8.64351
49.8546,8.64358
49.8624,8.64068
49.8624,8.64075
49.8623,8.64088
49.8623,8.64089
49.8622,8.64116
49.8621,8.64138
49.8615,8.64251
49.8612,8.6431
49.8611,8.64329
49.861,8.64341
49.8608,8.64391
49.8607,8.64409
49.8606,8.64419
49.8628,8.64124
49.8631,8.64173
49.8632,8.64192
49.8633,8.64213
49.8639,8.64301
49.8641,8.64329
49.8557,8.63694
49.8559,8.63685
49.8569,8.63621
49.8571,8.6361
49.8581,8.63551
49.8583,8.6354
49.8537,8.65688
49.8536,8.6565
49.8535,8.65618
49.8535,8.6559
49.8535,8.65509
49.8523,8.67014
49.8523,8.6703
49.8537,8.65688
49.8537,8.65691
49.8532,8.65732
49.8532,8.65736
49.8531,8.65743
49.853,8.65749
49.8529,8.65762
49.8527,8.65776
49.8522,8.6582
49.852,8.65838
49.852,8.65844
49.8519,8.65849
49.8519,8.65856
49.8519,8.65862
49.8517,8.659
49.8517,8.65933
49.8516,8.65966
49.8515,8.6603
49.8514,8.66093
49.8514,8.66103
49.8512,8.66203
49.8511,8.66232
49.8511,8.66239
49.8511,8.66254
49.8511,8.66263
49.8511,8.66278
49.8511,8.66377
49.8512,8.66437
49.8515,8.66533
49.8516,8.66617
49.8517,8.66688
49.8517,8.66693
49.8518,8.6673
49.852,8.66854
49.8522,8.66971
49.8903,8.67237
49.8906,8.67261
49.8908,8.67283
49.8908,8.67287
49.897,8.61554
49.8969,8.61544
49.897,8.61432
49.8968,8.61506
49.8967,8.61523
49.8965,8.61531
49.8966,8.61551
49.8968,8.61561
49.8968,8.61566
49.8969,8.6158
49.8969,8.6159
49.8965,8.61547
49.8966,8.61551
49.8968,8.61558
49.8969,8.61558
49.8969,8.61558
49.8794,8.67074
49.8795,8.67099
49.8795,8.67108
49.8795,8.67117
49.8799,8.67237
49.8803,8.67351
49.8804,8.67391
49.8808,8.67508
49.8811,8.67579
49.8813,8.67636
49.8816,8.67729
49.8816,8.67739
49.8817,8.67753
49.8817,8.67767
49.8818,8.67826
49.8819,8.67848
49.882,8.67891
49.882,8.67924
49.8821,8.67945
49.8823,8.68038
49.8823,8.68058
49.8751,8.63027
49.8751,8.63053
49.8727,8.64122
49.8726,8.64126
49.8738,8.64142
49.8737,8.64139
49.8793,8.6356
49.8792,8.63556
49.8792,8.63556
49.8791,8.63554
49.8791,8.63552
49.879,8.63552
49.879,8.63551
49.8787,8.63544
49.885,8.62817
49.8849,8.62855
49.8731,8.64398
49.8731,8.64391
49.8728,8.64195
49.884,8.6516
49.884,8.65152
49.884,8.65147
49.884,8.65136
49.8841,8.65252
49.8841,8.65183
49.8841,8.6518
49.8841,8.65178
49.8842,8.65175
49.8842,8.65173
49.8842,8.65171
49.8842,8.65167
49.8841,8.65294
49.8841,8.65269
49.8841,8.65252
49.8841,8.65183
49.8841,8.65178
49.8841,8.65172
49.884,8.65166
49.884,8.6516
49.8888,8.64792
49.8888,8.64806
49.8919,8.65323
49.8919,8.65322
49.8918,8.65321
49.8896,8.65295
49.8898,8.65298
49.8899,8.653
49.8902,8.65306
49.8905,8.6531
49.8911,8.65325
49.8912,8.65327
49.8913,8.65328
49.8914,8.65331
49.8746,8.65657
49.8748,8.65725
49.875,8.6582
49.8751,8.65848
49.8751,8.65858
49.8751,8.65873
49.8752,8.65909
49.8753,8.65932
49.8763,8.66167
49.8763,8.66157
49.8763,8.66153
49.8762,8.66146
49.8759,8.66081
49.883,8.65988
49.883,8.65995
49.883,8.66
49.8829,8.66019
49.8792,8.66998
49.8792,8.6701
49.8792,8.67016
49.8793,8.67045
49.8754,8.67059
49.8748,8.67064
49.8746,8.67067
49.8817,8.66561
49.8818,8.66564
49.8819,8.66574
49.8816,8.66607
49.8811,8.66732
49.8808,8.668
49.8804,8.66868
49.8803,8.6687
49.8799,8.66933
49.8795,8.66971
49.9047,8.64336
49.9047,8.64318
49.9048,8.64276
49.8965,8.61531
49.8964,8.61527
49.8962,8.61509
49.896,8.61489
49.896,8.61471
49.8959,8.61453
49.8961,8.61393
49.8961,8.6138
49.9011,8.69709
49.9015,8.69809
49.9019,8.69925
49.9021,8.69964
49.9022,8.6999
49.9025,8.70034
49.9028,8.70084
49.9042,8.70222
49.9054,8.70354
49.9063,8.70446
49.9084,8.70659
49.9105,8.70868
49.9123,8.7106
49.9141,8.71242
49.9147,8.71298
49.9164,8.71486
49.9179,8.71643
49.918,8.71649
49.9187,8.71719
49.9191,8.71767
49.9195,8.71804
49.8956,8.61437
49.8958,8.61463
49.8962,8.61519
49.8964,8.61537
49.8965,8.61547
49.8968,8.61115
49.8968,8.61084
49.8968,8.61073
49.8968,8.61063
49.8968,8.61052
49.8678,8.68744
49.8678,8.68748
49.8678,8.6875
49.8679,8.68758
49.8679,8.68762
49.868,8.68773
49.868,8.68773
49.868,8.68779
49.868,8.68786
49.8681,8.68794
49.8681,8.68798
49.8681,8.68802
49.8681,8.6881
49.8681,8.6882
49.8686,8.68334
49.8687,8.68352
49.8687,8.68356
49.8961,8.68792
49.8961,8.68848
49.8962,8.68907
49.8963,8.68961
49.8964,8.68997
49.8966,8.69033
49.8967,8.6907
49.8969,8.69103
49.8975,8.69191
49.8978,8.69251
49.8983,8.69312
49.8987,8.69367
49.8989,8.69383
49.8989,8.69389
49.8993,8.69433
49.8997,8.69496
49.8998,8.69512
49.9003,8.69591
49.9009,8.69677
49.9011,8.69709
49.8636,8.63229
49.8635,8.63235
49.8632,8.63249
49.8627,8.63281
49.8617,8.63337
49.8509,8.64643
49.8502,8.6464
49.8486,8.64629
49.8482,8.64626
49.847,8.64618
49.8759,8.6493
49.8759,8.64952
49.8759,8.64962
49.8759,8.64975
49.8748,8.64123
49.8748,8.64121
49.8757,8.6497
49.8757,8.64972
49.8712,8.63295
49.8707,8.63303
49.8707,8.63303
49.8706,8.63304
49.8706,8.63304
49.8705,8.63306
49.8696,8.63328
49.8696,8.63329
49.869,8.63352
49.8686,8.63369
49.8683,8.63381
49.8696,8.63352
49.8698,8.63342
49.8698,8.63342
49.87,8.63337
49.8702,8.63329
49.8702,8.63328
49.8703,8.63325
49.8698,8.65649
49.8698,8.65652
49.8697,8.65656
49.8696,8.65656
49.8695,8.65657
49.8921,8.661
49.8922,8.66112
49.8922,8.66116
49.8923,8.6613
49.8923,8.6613
49.8925,8.66167
49.8926,8.66184
49.8927,8.66201
49.8928,8.66226
49.8929,8.66252
49.8929,8.66277
49.893,8.66302
49.893,8.66318
49.8732,8.64107
49.8731,8.64108
49.8654,8.6456
49.8654,8.64553
49.8654,8.64546
49.8653,8.6454
49.8653,8.64534
49.8653,8.6471
49.8653,8.64716
49.8653,8.64724
49.8653,8.64732
49.8653,8.6475
49.8654,8.64772
49.8673,8.66191
49.8675,8.66356
49.8675,8.66364
49.8676,8.66381
49.8676,8.66388
49.8676,8.6639
49.8676,8.6639
49.8676,8.66392
49.8676,8.66396
49.8676,8.6641
49.8676,8.66416
49.8676,8.66429
49.8676,8.66442
49.8677,8.66556
49.8679,8.66766
49.8679,8.66805
49.8677,8.66556
49.8677,8.66602
49.8677,8.66602
49.8678,8.66606
49.8678,8.66654
49.8679,8.66766
49.8679,8.66805
49.868,8.66875
49.868,8.66914
49.8656,8.64895
49.8657,8.6504
49.8658,8.65098
49.8659,8.65186
49.866,8.65237
49.8661,8.65263
49.8661,8.65295
49.8661,8.65301
49.8662,8.65368
49.8663,8.65453
49.8664,8.65529
49.8665,8.65567
49.8665,8.65576
49.8665,8.65585
49.8665,8.65588
49.8767,8.65041
49.8767,8.65038
49.8767,8.65032
49.8767,8.65028
49.8766,8.65025
49.8761,8.64097
49.8761,8.64106
49.8762,8.64131
49.8762,8.64173
49.8763,8.64214
49.8764,8.64239
49.8764,8.64272
49.8632,8.63259
49.8635,8.63244
49.8796,8.63572
49.8795,8.63566
49.8795,8.63566
49.8794,8.63564
49.8793,8.6356
49.8758,8.63489
49.8755,8.63484
49.854,8.6414
49.854,8.64124
49.8541,8.64113
49.8541,8.64097
49.8542,8.64057
49.8536,8.64313
49.8537,8.64293
49.8537,8.64281
49.8538,8.64222
49.8538,8.64215
49.8539,8.64177
49.854,8.64146
49.8677,8.63418
49.8677,8.63426
49.8674,8.63445
49.8674,8.63447
49.8604,8.64461
49.8595,8.64457
49.8591,8.64452
49.8587,8.64442
49.8584,8.64437
49.8584,8.64436
49.8582,8.64435
49.8572,8.64427
49.8571,8.64424
49.8563,8.64405
49.856,8.64396
49.8551,8.64366
49.8605,8.64467
49.8606,8.64465
49.8621,8.6445
49.8631,8.64437
49.8589,8.63494
49.859,8.63505
49.8636,8.63238
49.8637,8.63235
49.8637,8.63234
49.8643,8.6321
49.8644,8.63206
49.8646,8.63198
49.8649,8.63188
49.8652,8.63179
49.8657,8.63164
49.8659,8.63155
49.8661,8.63151
49.8666,8.63141
49.8664,8.63134
49.8557,8.63686
49.8557,8.6369
49.8556,8.63694
49.8612,8.63364
49.8601,8.63426
49.8598,8.63443
49.8612,8.63372
49.8627,8.6329
49.8632,8.63259
49.8586,8.63525
49.8588,8.63515
49.8588,8.63513
49.859,8.63505
49.8589,8.63494
49.8588,8.635
49.8587,8.63506
49.8969,8.61544
49.8968,8.61543
49.8965,8.61531
49.884,8.65158
49.884,8.6516
49.8839,8.65134
49.8839,8.65134
49.8837,8.65133
49.8837,8.65133
49.8837,8.65132
49.8835,8.65131
49.8828,8.6512
49.884,8.65136
49.884,8.65131
49.884,8.65121
49.8839,8.65086
49.8838,8.65034
49.8836,8.64972
49.8835,8.6494
49.8965,8.62043
49.8967,8.62052
49.8967,8.62056
49.8888,8.64792
49.8887,8.64724
49.8887,8.64692
49.8553,8.63745
49.8552,8.6376
49.855,8.63811
49.8546,8.63933
49.8544,8.63992
49.8542,8.64053
49.8703,8.63306
49.8702,8.63305
49.8716,8.64159
49.8715,8.6416
49.8715,8.64161
49.8714,8.64163
49.872,8.64145
49.8717,8.64155
49.8717,8.64156
49.8716,8.64159
49.8639,8.64409
49.8641,8.64403
49.8641,8.64403
49.8643,8.64397
49.8643,8.64396
49.8644,8.64394
49.8645,8.64391
49.8639,8.64409
49.8638,8.6441
49.8636,8.64415
49.8632,8.64427
49.8631,8.64429
49.8606,8.64459
49.8606,8.64459
49.8605,8.6446
49.8604,8.64461
49.8653,8.64525
49.8653,8.64534
49.8646,8.64403
49.8646,8.6441
49.8652,8.64511
49.8653,8.64525
49.8643,8.64361
49.8644,8.64375
49.8644,8.64378
49.8645,8.64391
49.8653,8.64534
49.8654,8.6457
49.8654,8.64587
49.8654,8.64606
49.8654,8.64626
49.8654,8.6464
49.8654,8.64649
49.8653,8.64671
49.8653,8.64681
49.8649,8.64379
49.8652,8.64367
49.8652,8.64366
49.8653,8.64363
49.8654,8.64361
49.8657,8.64353
49.8664,8.64329
49.8672,8.64303
49.8202,8.68921
49.8202,8.68872
49.8201,8.68826
49.8201,8.68802
49.8201,8.6877
49.82,8.68758
49.82,8.68731
49.8198,8.68702
49.8199,8.68707
49.8199,8.68711
49.8199,8.68713
49.8199,8.68723
49.82,8.68762
49.82,8.68804
49.8201,8.68854
49.8201,8.68883
49.8199,8.68672
49.8199,8.68668
49.8198,8.68667
49.8198,8.68668
49.8197,8.68671
49.8197,8.68673
49.8197,8.68681
49.8197,8.68689
49.8197,8.68695
49.8198,8.687
49.8198,8.68702
49.8198,8.68702
49.8199,8.68701
49.8199,8.68698
49.8199,8.68696
49.8199,8.6869
49.8199,8.68685
49.8199,8.68677
49.8199,8.68672
49.8202,8.68956
49.8202,8.68953
49.8201,8.68952
49.8201,8.68951
49.8201,8.68952
49.82,8.68954
49.82,8.68956
49.82,8.68961
49.82,8.68967
49.82,8.68975
49.82,8.68981
49.8201,8.68984
49.8201,8.68985
49.8201,8.68985
49.8202,8.68982
49.8202,8.68978
49.8202,8.68974
49.8202,8.68968
49.8202,8.68963
49.8202,8.6896
49.8202,8.68956
49.82,8.69025
49.8201,8.69006
49.8201,8.68998
49.8201,8.68985
49.8199,8.68672
49.8199,8.68655
49.8199,8.68629
49.82,8.68981
49.82,8.68989
49.82,8.68996
49.82,8.69005
49.82,8.69025
49.8197,8.68502
49.8198,8.68544
49.9048,8.64276
49.9048,8.64262
49.9049,8.64249
49.905,8.64244
49.8201,8.68883
49.8201,8.68912
49.8201,8.68912
49.8201,8.68938
49.8201,8.68951
49.876,8.64981
49.876,8.64977
49.8665,8.65603
49.8665,8.65604
49.8665,8.65608
49.8665,8.65612
49.8666,8.65658
49.8667,8.65693
49.8667,8.65696
49.8946,8.67735
49.8946,8.6775
49.8695,8.65657
49.8696,8.65659
49.8696,8.65661
49.912,8.61271
49.9118,8.61282
49.9118,8.61284
49.9117,8.61291
49.9116,8.61295
49.9114,8.61305
49.9114,8.61305
49.9111,8.61316
49.911,8.61323
49.8534,8.65193
49.8534,8.65172
49.8534,8.65165
49.8534,8.65084
49.8534,8.65066
49.8534,8.6497
49.8534,8.64934
49.9201,8.60714
49.9198,8.60736
49.8533,8.64834
49.8534,8.64934
49.8535,8.65509
49.8535,8.65483
49.8535,8.6545
49.8534,8.65438
49.8534,8.65438
49.8534,8.65451
49.8534,8.65479
49.8534,8.65484
49.8535,8.65509
49.8534,8.64834
49.8534,8.64738
49.8534,8.647
49.8534,8.64694
49.8534,8.64683
49.8534,8.6468
49.8534,8.65438
49.8534,8.65354
49.8534,8.65314
49.8534,8.65301
49.8534,8.65289
49.8534,8.65272
49.8534,8.6522
49.8534,8.65212
49.8534,8.65193
49.8731,8.64108
49.873,8.64114
49.8732,8.64108
49.8732,8.64107
49.873,8.64114
49.8732,8.64119
49.873,8.64114
49.8728,8.6412
49.8727,8.64122
49.8733,8.6411
49.8732,8.64108
49.8732,8.64119
49.8734,8.64122
49.8735,8.64128
49.8737,8.64139
49.8737,8.64139
49.8737,8.64139
49.8737,8.64128
49.8735,8.64118
49.8734,8.64111
49.8733,8.6411
49.8818,8.66522
49.8817,8.66548
49.8817,8.66561
49.8751,8.64343
49.8751,8.64331
49.8747,8.64126
49.8747,8.64137
49.8747,8.64139
49.8748,8.64181
49.875,8.6324
49.875,8.63239
49.875,8.63239
49.875,8.63235
49.8751,8.63225
49.8751,8.63212
49.8751,8.63194
49.8751,8.63176
49.8769,8.65036
49.8769,8.65035
49.877,8.65034
49.8759,8.64975
49.8759,8.64973
49.8758,8.64972
49.8757,8.6497
49.876,8.65057
49.876,8.65062
49.8757,8.64824
49.8758,8.64895
49.8759,8.6493
49.8754,8.6498
49.8749,8.64997
49.8745,8.65011
49.8882,8.63862
49.8882,8.63834
49.8882,8.63801
49.8882,8.63777
49.8882,8.63755
49.8882,8.63755
49.8882,8.63528
49.8882,8.63863
49.8882,8.63948
49.8882,8.63994
49.8882,8.63755
49.8882,8.63777
49.8882,8.63829
49.8882,8.63834
49.8882,8.63863
49.8882,8.63994
49.8882,8.63948
49.8882,8.63888
49.8882,8.63862
49.8849,8.65163
49.8848,8.6516
49.8845,8.65147
49.8844,8.65144
49.8985,8.6193
49.8982,8.61947
49.8985,8.61925
49.8985,8.6193
49.8988,8.61906
49.8986,8.61915
49.8985,8.61925
49.8985,8.61935
49.8988,8.61916
49.899,8.61904
49.8991,8.61895
49.8991,8.61887
49.8534,8.6468
49.8534,8.64675
49.8534,8.64667
49.8533,8.64678
49.8533,8.64685
49.8533,8.64694
49.8533,8.64727
49.8772,8.63516
49.8771,8.63512
49.8764,8.63498
49.8762,8.63494
49.8759,8.63488
49.8758,8.63489
49.8758,8.63489
49.8759,8.63495
49.8762,8.635
49.8762,8.63501
49.8771,8.63517
49.8772,8.63516
49.8597,8.63615
49.8599,8.63656
49.8603,8.63714
49.8604,8.63727
49.8604,8.63733
49.8604,8.63735
49.8605,8.63752
49.8606,8.63762
49.8607,8.63778
49.8607,8.63787
49.8611,8.63848
49.8614,8.63903
49.8614,8.63904
49.8616,8.63929
49.8617,8.63946
49.862,8.64001
49.8597,8.63615
49.8595,8.63577
49.8565,8.63088
49.8562,8.63057
49.8586,8.63447
49.8587,8.63461
49.859,8.63503
49.8589,8.63492
49.8584,8.63414
49.8586,8.63441
49.8586,8.63447
49.8587,8.63461
49.8588,8.63473
49.8588,8.63477
49.8588,8.63482
49.8589,8.63492
49.8589,8.63487
49.8589,8.6348
49.8588,8.63474
49.8595,8.63577
49.8591,8.63525
49.8591,8.63516
49.859,8.63503
49.8562,8.63057
49.8564,8.63094
49.8566,8.63122
49.8569,8.63168
49.8572,8.63216
49.8572,8.63222
49.8587,8.63443
49.8586,8.63438
49.8584,8.63405
49.8583,8.63385
49.8583,8.6338
49.8577,8.63286
49.8574,8.63237
49.8572,8.63222
49.8573,8.63233
49.8574,8.63242
49.8577,8.63291
49.8581,8.63358
49.8583,8.63387
49.8584,8.63414
49.8589,8.63492
49.8589,8.63494
49.8583,8.6354
49.8586,8.63525
49.8587,8.63506
49.8581,8.63544
49.8571,8.63604
49.8559,8.63675
49.8558,8.63677
49.8557,8.63686
49.859,8.63503
49.8591,8.63496
49.8612,8.63372
49.8587,8.63484
49.8587,8.63497
49.8587,8.63506
49.8587,8.63461
49.8587,8.6347
49.8587,8.63484
49.8553,8.63733
49.8553,8.63745
49.8556,8.63694
49.8555,8.63706
49.8554,8.63712
49.8554,8.6372
49.8554,8.63727
49.8553,8.63729
49.8553,8.63733
49.8539,8.64137
49.8539,8.64144
49.854,8.64146
49.854,8.6414
49.8542,8.64053
49.854,8.64092
49.854,8.64107
49.854,8.6411
49.8539,8.64137
49.8537,8.6422
49.8536,8.64284
49.8536,8.6429
49.8536,8.64311
49.8542,8.64057
49.8544,8.63996
49.8546,8.63937
49.8551,8.63813
49.8551,8.63799
49.8552,8.63771
49.8553,8.63763
49.8553,8.63748
49.8533,8.6458
49.8533,8.64592
49.8532,8.64613
49.8532,8.64621
49.8532,8.64629
49.8531,8.64637
49.8531,8.64642
49.853,8.64647
49.853,8.64653
49.8753,8.65932
49.8753,8.6595
49.8754,8.65974
49.8755,8.65995
49.8757,8.6605
49.8759,8.66084
49.8759,8.66081
49.8758,8.66062
49.8758,8.66051
49.8755,8.6599
49.8754,8.65971
49.8753,8.65948
49.8753,8.65932
49.8759,8.66084
49.876,8.66117
49.8762,8.6615
49.8762,8.66155
49.8762,8.6616
49.8763,8.66169
49.8745,8.65011
49.8745,8.65013
49.8742,8.65023
49.8741,8.65024
49.8741,8.65026
49.874,8.65028
49.874,8.65029
49.8668,8.63485
49.867,8.63475
49.8674,8.63451
49.8674,8.63447
49.8649,8.63658
49.865,8.63654
49.8652,8.63632
49.8653,8.63616
49.8653,8.63616
49.8652,8.63625
49.865,8.63647
49.8649,8.63658
49.8653,8.63616
49.8656,8.63588
49.8658,8.63565
49.8659,8.63561
49.8662,8.6353
49.8662,8.6353
49.8663,8.63521
49.8664,8.63512
49.8665,8.63506
49.8667,8.63489
49.8667,8.63487
49.8668,8.63485
49.8662,8.6353
49.8663,8.63526
49.8665,8.63512
49.8667,8.63493
49.8668,8.6349
49.8668,8.63485
49.8727,8.63269
49.8726,8.63272
49.8725,8.63273
49.8725,8.63274
49.8712,8.63295
49.88,8.6642
49.8801,8.66427
49.8801,8.66437
49.8802,8.66433
49.8801,8.66423
49.88,8.6642
49.8805,8.66472
49.8809,8.66512
49.881,8.66521
49.8817,8.66559
49.8817,8.66561
49.8801,8.66437
49.8802,8.66445
49.8803,8.66455
49.8805,8.66472
49.8805,8.66472
49.8805,8.66472
49.8805,8.66466
49.8803,8.66451
49.8803,8.66443
49.8802,8.66433
49.8901,8.67205
49.8902,8.67221
49.8903,8.67237
49.8903,8.67225
49.8902,8.67215
49.8901,8.67205
49.8908,8.67287
49.8908,8.67279
49.8906,8.67256
49.8903,8.67225
49.8908,8.67287
49.8909,8.67298
49.8919,8.67405
49.8775,8.66395
49.8776,8.66413
49.8777,8.66448
49.8778,8.66502
49.878,8.66527
49.8781,8.66557
49.8783,8.66583
49.8785,8.66622
49.8786,8.66638
49.8786,8.66674
49.8786,8.66685
49.8786,8.66694
49.8787,8.66701
49.8775,8.66395
49.8775,8.66381
49.8773,8.6636
49.8771,8.66321
49.8769,8.66286
49.8765,8.66191
49.8764,8.66185
49.8764,8.66174
49.8763,8.66167
49.8756,8.67084
49.8756,8.67085
49.8757,8.67086
49.8767,8.67064
49.8766,8.67064
49.8765,8.67068
49.8767,8.67071
49.8769,8.67068
49.877,8.67064
49.8765,8.67068
49.8766,8.67072
49.8767,8.67071
49.8765,8.67068
49.8762,8.67071
49.8759,8.67078
49.877,8.67064
49.8769,8.67062
49.8767,8.67064
49.8757,8.67086
49.8757,8.67087
49.8758,8.67086
49.8759,8.67082
49.8759,8.67078
49.8757,8.67076
49.8756,8.67072
49.8755,8.67062
49.8755,8.67058
49.8755,8.67057
49.8754,8.67057
49.8754,8.67059
49.878,8.67075
49.8779,8.67077
49.8779,8.67078
49.8777,8.67072
49.8773,8.67063
49.8771,8.67064
49.877,8.67064
49.8759,8.61724
49.8759,8.61739
49.8759,8.61751
49.8759,8.6176
49.8758,8.67077
49.8757,8.67077
49.8757,8.67077
49.8757,8.67076
49.8605,8.6446
49.8605,8.64454
49.8606,8.64439
49.8606,8.64419
49.8197,8.6839
49.8196,8.68408
49.8196,8.68417
49.8199,8.68629
49.8198,8.68654
49.8198,8.68667
49.8196,8.68417
49.8196,8.68427
49.8196,8.68438
49.9213,8.60591
49.9208,8.60645
49.9198,8.60736
49.9194,8.60765
49.9192,8.60779
49.9181,8.60854
49.9166,8.60955
49.9124,8.61244
49.912,8.61271
49.911,8.61323
49.9101,8.61361
49.9091,8.61398
49.8978,8.61982
49.8976,8.62002
49.8966,8.62028
49.8964,8.6203
49.8978,8.61999
49.8985,8.61935
49.8976,8.62002
49.8973,8.62027
49.8972,8.62037
49.897,8.6204
49.897,8.6204
49.8969,8.62039
49.8967,8.62036
49.8967,8.62034
49.8966,8.62028
49.8882,8.63435
49.8882,8.63528
49.8882,8.63365
49.8882,8.63435
49.8882,8.63426
49.8883,8.63375
49.8883,8.63334
49.8883,8.63334
49.8883,8.63317
49.8883,8.63311
49.8883,8.633
49.8827,8.64743
49.8828,8.64756
49.8828,8.6476
49.883,8.648
49.8831,8.64829
49.8832,8.64847
49.8833,8.64873
49.8834,8.64922
49.8834,8.64931
49.8835,8.64963
49.8837,8.65042
49.8825,8.64701
49.8826,8.64717
49.8827,8.64738
49.8827,8.64743
49.8824,8.64657
49.8822,8.64624
49.882,8.64607
49.8799,8.6359
49.8796,8.63572
49.8787,8.63544
49.8772,8.63516
49.8755,8.63484
49.8751,8.63476
49.8751,8.63475
49.8749,8.63473
49.8749,8.63473
49.8751,8.63053
49.875,8.63187
49.875,8.63198
49.875,8.63208
49.875,8.63215
49.875,8.63218
49.8749,8.6323
49.8749,8.63233
49.8733,8.63239
49.8732,8.63241
49.8731,8.63242
49.8731,8.63242
49.8731,8.63243
49.873,8.63244
49.8729,8.63247
49.8728,8.63255
49.8728,8.63259
49.8727,8.63265
49.8727,8.63267
49.8727,8.63269
49.8156,8.63088
49.8156,8.63039
49.8572,8.64427
49.8572,8.64435
49.8569,8.63162
49.8569,8.63168
49.8566,8.63122
49.8566,8.63117
49.8577,8.63286
49.8577,8.63291
49.8574,8.63242
49.8574,8.63237
49.875,8.6324
49.8749,8.63244
49.8749,8.63249
49.8743,8.63226
49.8743,8.63225
49.8733,8.63239
49.8734,8.63238
49.8741,8.63229
49.8742,8.63227
49.8743,8.63226
49.874,8.63229
49.8741,8.63229
49.8743,8.63225
49.8744,8.63224
49.8744,8.63224
49.8734,8.63238
49.8737,8.63234
49.8739,8.63232
49.8739,8.63231
49.874,8.6323
49.874,8.63229
49.8747,8.63228
49.8748,8.63228
49.8748,8.6323
49.8749,8.63232
49.8749,8.63235
49.875,8.6324
49.8197,8.68388
49.8197,8.6838
49.8197,8.68373
49.8197,8.68366
49.8197,8.68358
49.8197,8.68351
49.8197,8.68351
49.8197,8.68347
49.8196,8.68344
49.8195,8.68339
49.8195,8.68336
49.8194,8.68333
49.8199,8.68609
49.8199,8.68629
49.8198,8.68544
49.8198,8.68585
49.8198,8.68585
49.8199,8.68609
49.8196,8.68461
49.8197,8.68502
49.8196,8.68438
49.8196,8.68461
49.8754,8.64095
49.8758,8.64084
49.8759,8.64083
49.876,8.64085
49.876,8.64089
49.8761,8.64106
49.8665,8.65603
49.8666,8.65596
49.8667,8.65591
49.868,8.62111
49.8679,8.621
49.8677,8.62074
49.8681,8.6882
49.8682,8.68811
49.8682,8.68804
49.8681,8.68798
49.8681,8.68792
49.8681,8.68786
49.8681,8.68778
49.868,8.68763
49.868,8.68752
49.8681,8.6882
49.8682,8.68831
49.8682,8.68843
49.8681,8.68949
49.8682,8.68981
49.8682,8.6899
49.868,8.62115
49.868,8.62118
49.868,8.6212
49.8849,8.62855
49.8847,8.62932
49.8847,8.62945
49.8846,8.63018
49.8845,8.63072
49.8845,8.63092
49.8844,8.63142
49.8843,8.63169
49.8842,8.63226
49.8842,8.63265
49.8841,8.63295
49.8839,8.63431
49.8838,8.63513
49.8836,8.63628
49.8834,8.63693
49.8834,8.63736
49.8834,8.63739
49.8833,8.6376
49.8862,8.62315
49.8861,8.62338
49.8857,8.62405
49.8869,8.62197
49.8868,8.62219
49.8868,8.62219
49.8864,8.62283
49.8857,8.62405
49.8857,8.62418
49.8856,8.62449
49.8854,8.62558
49.8853,8.62599
49.8759,8.617
49.8759,8.61724
49.8705,8.6184
49.8706,8.61834
49.8706,8.61834
49.8708,8.61825
49.871,8.61813
49.8709,8.61817
49.8969,8.61558
49.897,8.61554
49.905,8.64244
49.9051,8.64244
49.9052,8.64247
49.9054,8.64256
49.9056,8.64268
49.9057,8.64278
49.9058,8.643
49.9058,8.64321
49.9058,8.64344
49.8709,8.61817
49.8708,8.61825
49.8683,8.68514
49.8683,8.68524
49.8683,8.68534
49.8923,8.67462
49.8939,8.67642
49.8244,8.64417
49.8244,8.64415
49.8244,8.64414
49.8243,8.64414
49.8243,8.64414
49.8243,8.64415
49.8243,8.64418
49.8243,8.6442
49.8243,8.64423
49.8242,8.64427
49.8242,8.6443
49.8243,8.64434
49.8243,8.64437
49.8243,8.6444
49.8243,8.64443
49.8243,8.64444
49.8243,8.64445
49.8244,8.64446
49.8244,8.64445
49.8244,8.64444
49.8244,8.64442
49.8244,8.64439
49.8244,8.64436
49.8245,8.64433
49.8245,8.64429
49.8245,8.64425
49.8244,8.64422
49.8244,8.64419
49.8244,8.64417
49.8247,8.64446
49.8247,8.64447
49.8249,8.64452
49.8249,8.64452
49.8692,8.65634
49.8693,8.65637
49.8665,8.65588
49.8665,8.65591
49.8533,8.64727
49.8533,8.64834
49.8979,8.65461
49.898,8.65462
49.8981,8.65464
49.8981,8.65465
49.899,8.65483
49.859,8.64455
49.8595,8.64465
49.8595,8.64465
49.8603,8.64467
49.8604,8.64467
49.8605,8.64467
49.8546,8.64358
49.855,8.64373
49.855,8.64374
49.8551,8.64375
49.856,8.64403
49.856,8.64403
49.8566,8.6442
49.8571,8.64433
49.8572,8.64435
49.8582,8.64445
49.8582,8.64445
49.8584,8.64445
49.8587,8.6445
49.859,8.64455
49.868,8.66914
49.868,8.66927
49.868,8.6694
49.868,8.6694
49.868,8.6696
49.868,8.66977
49.8386,8.60179
49.8393,8.60298
49.8367,8.59869
49.8377,8.60038
49.8377,8.60038
49.838,8.60089
49.8386,8.60179
49.8393,8.60298
49.8398,8.6037
49.842,8.60742
49.8426,8.60831
49.8449,8.61208
49.8451,8.61241
49.8461,8.614
49.8465,8.61467
49.8574,8.63237
49.8572,8.6321
49.8569,8.63162
49.8566,8.63117
49.8565,8.63088
49.8826,8.66611
49.8828,8.66621
49.8834,8.66659
49.8836,8.66669
49.8841,8.66705
49.8844,8.66727
49.8845,8.66733
49.8848,8.66801
49.885,8.66854
49.8919,8.67405
49.8923,8.67457
49.8923,8.67462
49.8942,8.67674
49.8943,8.67691
49.8944,8.67708
49.8928,8.67404
49.8924,8.67451
49.8924,8.67457
49.8923,8.67462
49.8884,8.64484
49.8884,8.64376
49.8884,8.64376
49.8883,8.64328
49.8882,8.64296
49.8882,8.64277
49.8882,8.64332
49.8883,8.64417
49.8883,8.64498
49.8883,8.64504
49.8884,8.64528
49.8887,8.64692
49.8886,8.64658
49.8886,8.64589
49.8885,8.64555
49.8885,8.64548
49.8885,8.64528
49.8973,8.65448
49.8977,8.65456
49.8978,8.65457
49.8978,8.65459
49.8979,8.65461
49.8943,8.65381
49.8941,8.65373
49.8939,8.65368
49.8937,8.65364
49.8924,8.65334
49.8923,8.65333
49.8943,8.65381
49.8948,8.6539
49.8955,8.65406
49.8956,8.65408
49.8957,8.6541
49.8965,8.6543
49.8973,8.65448
49.8895,8.65213
49.8896,8.65242
49.8896,8.65245
49.9005,8.65442
49.9003,8.65468
49.9003,8.65478
49.9002,8.65484
49.8896,8.65245
49.8896,8.65256
49.8896,8.65267
49.8888,8.65271
49.889,8.65278
49.8895,8.65291
49.8895,8.65292
49.8896,8.65295
49.8899,8.65546
49.8899,8.6556
49.8901,8.65653
49.8902,8.65689
49.8903,8.65726
49.8904,8.65762
49.8905,8.65796
49.8906,8.65827
49.8908,8.65864
49.891,8.65898
49.8915,8.65994
49.8918,8.66039
49.8897,8.65353
49.8897,8.65372
49.8897,8.65343
49.8897,8.65353
49.8918,8.66039
49.892,8.66083
49.8921,8.66088
49.8921,8.661
49.9006,8.65426
49.9005,8.65442
49.9003,8.65491
49.9003,8.65487
49.9003,8.65487
49.9004,8.6548
49.9004,8.65473
49.9005,8.65464
49.9006,8.65447
49.9006,8.65433
49.9008,8.65415
49.901,8.65384
49.8242,8.64437
49.8241,8.64439
49.824,8.64441
49.8245,8.64439
49.8245,8.64437
49.8245,8.64435
49.8245,8.64432
49.8245,8.64429
49.8244,8.64442
49.8244,8.64441
49.8245,8.64439
49.8245,8.64439
49.8245,8.64439
49.8243,8.64423
49.8242,8.6443
49.8242,8.64433
49.8242,8.64433
49.8242,8.64437
49.8249,8.64452
49.825,8.64453
49.8254,8.64457
49.8242,8.64437
49.8242,8.64437
49.8242,8.64438
49.8242,8.64439
49.8243,8.64443
49.8854,8.6878
49.8857,8.68846
49.8863,8.68935
49.887,8.69033
49.8878,8.69143
49.8884,8.69224
49.889,8.69322
49.8893,8.69363
49.8895,8.69396
49.8907,8.69654
49.8678,8.61933
49.868,8.61929
49.8673,8.61951
49.8673,8.61955
49.8673,8.61963
49.8673,8.61971
49.8673,8.61979
49.8674,8.61998
49.8674,8.62017
49.8674,8.62017
49.8674,8.62001
49.8674,8.61986
49.8674,8.61982
49.8674,8.61974
49.8674,8.61967
49.8675,8.61959
49.8676,8.61949
49.8676,8.61943
49.8678,8.61933
49.8472,8.61574
49.8474,8.61611
49.8477,8.61662
49.848,8.61706
49.848,8.61706
49.8481,8.61725
49.8492,8.61913
49.8494,8.6194
49.8498,8.62004
49.8507,8.62158
49.8508,8.62173
49.8598,8.63443
49.8594,8.63464
49.8617,8.63337
49.8612,8.63364
49.8594,8.63464
49.8591,8.63482
49.8591,8.63485
49.8589,8.63492
49.8661,8.63151
49.8661,8.63148
49.8662,8.63146
49.8663,8.63145
49.8664,8.63146
49.8642,8.63206
49.8639,8.63216
49.8637,8.63225
49.8637,8.63226
49.8636,8.63229
49.8683,8.68534
49.8683,8.68545
49.8684,8.68549
49.868,8.68752
49.868,8.68747
49.8679,8.68739
49.8679,8.68738
49.8679,8.68736
49.8684,8.68549
49.8684,8.68556
49.8684,8.68565
49.8685,8.68578
49.8686,8.6859
49.8687,8.68606
49.8901,8.65281
49.89,8.65276
49.89,8.65276
49.8898,8.65272
49.8898,8.65271
49.8896,8.65267
49.8844,8.65144
49.8842,8.6514
49.8842,8.65139
49.884,8.65136
49.8859,8.6519
49.8853,8.65176
49.885,8.65169
49.8849,8.65165
49.8849,8.65163
49.8748,8.64121
49.8748,8.64109
49.8748,8.64108
49.8748,8.64104
49.8748,8.64084
49.8747,8.64066
49.8747,8.64049
49.8748,8.64007
49.8748,8.63993
49.8748,8.63983
49.8748,8.63928
49.8748,8.63871
49.8748,8.6386
49.8748,8.63854
49.8748,8.63791
49.8748,8.63711
49.8748,8.63654
49.8749,8.63561
49.8749,8.63552
49.8749,8.63551
49.8749,8.63499
49.8749,8.63496
49.8749,8.63495
49.8749,8.63491
49.8749,8.63473
49.8749,8.63249
49.8749,8.63252
49.8749,8.63258
49.8749,8.63265
49.8749,8.63384
49.8695,8.65657
49.8695,8.65658
49.8695,8.65662
49.8694,8.65666
49.8694,8.6567
49.8694,8.65674
49.8694,8.65677
49.8694,8.65681
49.8693,8.65686
49.8693,8.65696
49.8694,8.6569
49.8694,8.65687
49.8694,8.65684
49.8695,8.6568
49.8695,8.65676
49.8696,8.65672
49.8696,8.65671
49.8697,8.65671
49.8693,8.65696
49.8693,8.65702
49.8693,8.65707
49.8693,8.65722
49.8693,8.65876
49.8693,8.65909
49.8693,8.66035
49.8693,8.66062
49.8693,8.66166
49.8839,8.65114
49.8839,8.65121
49.8839,8.65131
49.8839,8.65134
49.8672,8.64303
49.8678,8.64283
49.8678,8.64283
49.869,8.64243
49.87,8.64209
49.8693,8.65637
49.8693,8.65644
49.8693,8.65657
49.8693,8.65663
49.8693,8.65676
49.8693,8.65686
49.8751,8.63176
49.8752,8.63042
49.8751,8.63027
49.8698,8.65625
49.8698,8.65631
49.8698,8.65636
49.8698,8.6564
49.8698,8.65644
49.8698,8.65646
49.8698,8.65649
49.8154,8.63046
49.8155,8.63052
49.8156,8.63069
49.8157,8.63028
49.8157,8.63015
49.8158,8.63002
49.8157,8.63056
49.8157,8.63036
49.8157,8.63028
49.8163,8.63551
49.8162,8.6356
49.8163,8.63577
49.8163,8.63611
49.8164,8.6363
49.8164,8.6363
49.8164,8.6361
49.8163,8.6358
49.8163,8.6358
49.8163,8.63575
49.8163,8.6356
49.8163,8.63551
49.8748,8.64123
49.8747,8.64124
49.8156,8.63069
49.8156,8.63088
49.8849,8.6867
49.8849,8.68682
49.885,8.687
49.8854,8.6878
49.8841,8.68531
49.8842,8.68542
49.8843,8.6856
49.8843,8.68565
49.8843,8.68571
49.8843,8.68576
49.8845,8.68596
49.8845,8.68596
49.8845,8.68603
49.8847,8.68634
49.8849,8.6867
49.8823,8.68058
49.8827,8.6821
49.8829,8.6828
49.8833,8.68365
49.8835,8.68389
49.8838,8.68463
49.885,8.66854
49.8853,8.6688
49.8819,8.66574
49.8821,8.66581
49.8822,8.66587
49.8822,8.66587
49.8822,8.66589
49.8824,8.66597
49.8826,8.66611
49.8899,8.65521
49.8899,8.65546
49.8936,8.67198
49.8936,8.67214
49.8935,8.67245
49.8934,8.67277
49.8933,8.67311
49.8817,8.66561
49.8816,8.66607
49.8795,8.66971
49.8793,8.66984
49.8792,8.66994
49.8792,8.66998
49.8791,8.67003
49.8786,8.67034
49.878,8.67075
49.8749,8.63233
49.875,8.6324
49.875,8.64335
49.875,8.64346
49.8423,8.64582
49.841,8.64571
49.8388,8.64551
49.8899,8.61682
49.8898,8.61687
49.8898,8.61701
49.9018,8.61717
49.9014,8.6174
49.8982,8.61947
49.8978,8.61982
49.8114,8.64407
49.8119,8.6443
49.812,8.64433
49.8747,8.64124
49.8747,8.64126
49.881,8.6508
49.8809,8.65077
49.8808,8.65075
49.8802,8.65063
49.8801,8.65061
49.8795,8.65056
49.8791,8.6505
49.8788,8.65047
49.8787,8.65047
49.8787,8.65047
49.877,8.65031
49.8769,8.6503
49.8769,8.65029
49.877,8.65034
49.8784,8.65048
49.8787,8.65051
49.8787,8.65051
49.8787,8.65051
49.8791,8.65055
49.8799,8.65063
49.8801,8.65065
49.8802,8.65067
49.8803,8.65068
49.8808,8.65081
49.8809,8.65081
49.881,8.65084
49.8769,8.65029
49.8769,8.65029
49.881,8.65084
49.8813,8.6509
49.8815,8.65095
49.882,8.65107
49.8824,8.65116
49.8828,8.65125
49.8828,8.6512
49.8824,8.65111
49.882,8.65102
49.882,8.65101
49.8816,8.65094
49.8812,8.65084
49.8812,8.65083
49.881,8.6508
49.8763,8.66167
49.8763,8.66169
49.8163,8.63551
49.8163,8.63541
49.8202,8.68956
49.8202,8.6894
49.8202,8.68921
49.82,8.68731
49.82,8.68718
49.8199,8.68707
49.8199,8.68696
49.8197,8.69226
49.8198,8.69214
49.8196,8.69299
49.8197,8.69226
49.8539,8.62672
49.854,8.62687
49.8541,8.62708
49.8545,8.62776
49.8562,8.63057
49.8747,8.63875
49.8747,8.6393
49.8747,8.63992
49.8747,8.64006
49.8746,8.64049
49.8746,8.64066
49.8746,8.64073
49.8747,8.64082
49.8747,8.64098
49.8747,8.64108
49.8747,8.64113
49.8747,8.64126
49.8551,8.64366
49.8551,8.64366
49.855,8.64364
49.8544,8.6434
49.8538,8.64319
49.8538,8.64317
49.8536,8.64313
49.8539,8.64144
49.8537,8.6422
49.899,8.65483
49.8993,8.65487
49.8996,8.65492
49.8998,8.65498
49.8998,8.65498
49.8999,8.65504
49.9,8.65504
49.9001,8.65502
49.9002,8.65498
49.9002,8.65484
49.9,8.65493
49.8999,8.65495
49.8998,8.65498
49.8939,8.65384
49.8941,8.65384
49.8942,8.65384
49.8943,8.65381
49.8704,8.63307
49.8704,8.63307
49.8748,8.63472
49.8748,8.63481
49.8748,8.63489
49.8748,8.63494
49.8748,8.63497
49.8748,8.63549
49.8748,8.6355
49.8748,8.63558
49.8748,8.63574
49.8747,8.63639
49.8747,8.63662
49.8747,8.63684
49.8747,8.63772
49.8747,8.63833
49.8747,8.63833
49.8747,8.63859
49.8749,8.63473
49.8749,8.63465
49.8749,8.63462
49.8749,8.63452
49.875,8.63315
49.875,8.63278
49.875,8.63258
49.875,8.63252
49.875,8.63249
49.875,8.63246
49.875,8.63243
49.8749,8.63473
49.8749,8.63472
49.8749,8.63472
49.8748,8.63472
49.8125,8.64469
49.8124,8.64463
49.8123,8.64453
49.8135,8.64613
49.8135,8.64608
49.8135,8.64606
49.8131,8.64561
49.8126,8.64492
49.8125,8.64469
49.8136,8.64627
49.8136,8.64633
49.8136,8.64636
49.8136,8.64639
49.8699,8.65614
49.8698,8.65625
49.847,8.64618
49.8467,8.64616
49.8453,8.64607
49.8436,8.64594
49.8436,8.64594
49.8888,8.64806
49.8888,8.6483
49.8893,8.65127
49.8933,8.67311
49.8932,8.67331
49.8931,8.67355
49.893,8.6738
49.8928,8.67404
49.8665,8.65591
49.8665,8.65592
49.8665,8.65603
49.868,8.66977
49.8681,8.67056
49.8681,8.67111
49.8681,8.67133
49.8681,8.67151
49.8681,8.67151
49.8681,8.67169
49.8681,8.67203
49.868,8.67278
49.8679,8.67341
49.8678,8.6739
49.8675,8.67896
49.8675,8.67916
49.8675,8.67924
49.8675,8.67933
49.8675,8.67966
49.8676,8.68
49.8676,8.68022
49.8677,8.68059
49.8678,8.6811
49.8678,8.6813
49.8679,8.68155
49.868,8.68185
49.868,8.68201
49.8681,8.68218
49.8681,8.68225
49.8683,8.68262
49.8673,8.66412
49.8674,8.6641
49.8674,8.66409
49.8675,8.6641
49.8675,8.66412
49.8676,8.66419
49.8676,8.66429
49.8673,8.67706
49.8673,8.67719
49.8674,8.67788
49.8674,8.67806
49.8674,8.67832
49.8674,8.67857
49.8674,8.67865
49.8674,8.67872
49.8675,8.67896
49.8683,8.68262
49.8686,8.68334
49.8678,8.6739
49.8676,8.67476
49.8676,8.67516
49.8675,8.67535
49.8675,8.6755
49.8674,8.67606
49.8673,8.67639
49.8673,8.67677
49.8673,8.67706
49.9247,8.59873
49.9243,8.59961
49.9237,8.60108
49.9233,8.60188
49.9233,8.60188
49.9231,8.60239
49.9231,8.60239
49.9226,8.60351
49.9224,8.60406
49.9221,8.60458
49.9219,8.60491
49.9218,8.60523
49.9215,8.60558
49.9213,8.60591
49.9158,8.61012
49.9131,8.61198
49.9124,8.61244
49.8757,8.64972
49.8754,8.6498
49.8728,8.64195
49.8728,8.64188
49.8728,8.64135
49.8727,8.64122
49.8136,8.66828
49.8136,8.66828
49.8136,8.66826
49.8137,8.66822
49.8137,8.66815
49.8136,8.66828
49.8136,8.66829
49.8136,8.66831
49.8137,8.66833
49.8137,8.66836
49.8137,8.66811
49.8136,8.66811
49.8136,8.66811
49.8135,8.66813
49.8135,8.66815
49.8134,8.66819
49.8134,8.66822
49.8133,8.66825
49.8132,8.66827
49.8131,8.66829
49.813,8.66829
49.8131,8.66829
49.8667,8.65591
49.8666,8.6559
49.8666,8.65589
49.8665,8.65588
49.8692,8.65634
49.8691,8.65625
49.8689,8.65605
49.8688,8.65595
49.8687,8.65586
49.8686,8.65582
49.8685,8.6558
49.8684,8.65578
49.8683,8.65578
49.8675,8.65585
49.8668,8.6559
49.8667,8.65591
49.8194,8.6835
49.8195,8.68355
49.8196,8.68356
49.8196,8.68357
49.8196,8.68359
49.8196,8.68363
49.8197,8.68366
49.8197,8.68371
49.8197,8.68377
49.8197,8.68383
49.8197,8.68388
49.8197,8.6839
49.8197,8.6839
49.8197,8.68388
49.875,8.63315
49.875,8.63312
49.875,8.63307
49.8751,8.63254
49.8751,8.63247
49.8751,8.63225
49.8819,8.64602
49.8819,8.64609
49.8838,8.65073
49.8838,8.65088
49.8838,8.65099
49.8838,8.65111
49.8838,8.65114
49.8838,8.65118
49.8838,8.65122
49.8838,8.65126
49.8838,8.65129
49.8838,8.6513
49.8838,8.65131
49.8837,8.65133
49.8837,8.65042
49.8838,8.65073
49.8839,8.65111
49.8839,8.65114
49.8436,8.64594
49.8435,8.64593
49.824,8.64441
49.8239,8.64443
49.8247,8.64446
49.8246,8.64445
49.8245,8.64439
49.8828,8.66018
49.8828,8.66019
49.8828,8.66019
49.8827,8.6602
49.8824,8.66028
49.8744,8.63224
49.8745,8.63225
49.8746,8.63226
49.8747,8.63228
49.8767,8.6433
49.8766,8.64324
49.8766,8.64319
49.8765,8.64305
49.8765,8.64294
49.8764,8.64272
49.8764,8.64272
49.8765,8.64303
49.8765,8.64308
49.8765,8.64318
49.8765,8.64327
49.8521,8.64649
49.8516,8.64647
49.8512,8.64645
49.8509,8.64643
49.8749,8.63384
49.8749,8.63391
49.8748,8.63437
49.8748,8.63459
49.8748,8.63461
49.8748,8.63472
49.8682,8.6899
49.8681,8.69038
49.8677,8.6917
49.8673,8.69333
49.8668,8.69487
49.8666,8.69572
49.8661,8.69715
49.8658,8.69839
49.8655,8.69939
49.8139,8.64632
49.8139,8.64632
49.8138,8.64636
49.8137,8.64637
49.8726,8.64126
49.872,8.64145
49.882,8.64607
49.8819,8.64591
49.8678,8.61933
49.8676,8.61935
49.8675,8.61938
49.8674,8.61941
49.8674,8.61945
49.8673,8.61951
49.8747,8.63859
49.8747,8.63871
49.8747,8.63875
49.8838,8.68463
49.8839,8.68482
49.8841,8.68523
49.8841,8.68531
49.8819,8.66481
49.8818,8.66522
49.882,8.66423
49.8819,8.66481
49.862,8.64001
49.8623,8.64051
49.8624,8.64056
49.8624,8.6406
49.8624,8.64068
49.8624,8.64068
49.8625,8.64073
49.8625,8.64083
49.8625,8.64086
49.8628,8.64124
49.8641,8.64329
49.8642,8.64343
49.8643,8.64361
49.875,8.63243
49.875,8.6324
49.8676,8.66429
49.8676,8.66442
49.8693,8.65686
49.8693,8.65689
49.8693,8.65693
49.8693,8.65696
49.8694,8.65649
49.8695,8.65657
49.8696,8.65661
49.8696,8.65664
49.8697,8.65671
49.8693,8.66194
49.8693,8.662
49.8692,8.66227
49.8748,8.64181
49.8748,8.64229
49.8749,8.64309
49.875,8.64313
49.875,8.64335
